[2026-10-04T18:21:06Z INFO ] 🚀 A new version of espflash is available: v4.6.0
[2026-10-04T18:21:06Z INFO ] Serial port: '/dev/ttyACM0'
[2026-10-04T18:21:06Z INFO ] Connecting...
[2026-10-04T18:21:06Z INFO ] Using flash stub
ESP-ROM:esp32s3-20210327
Build:Mar 27 2021
rst:0x1 (POWERON),boot:0x8 (SPI_FAST_FLASH_BOOT)
SPIWP:0xee
mode:DIO, clock div:2
load:0x3fce2820,len:0x158c
load:0x403c8700,len:0xd24
load:0x403cb700,len:0x2f34
entry 0x403c8924
I (29) boot: ESP-IDF v5.5.1-838-gd66ebb86d2e 2nd stage bootloader
I (30) boot: compile time Nov 26 2025 12:27:56
I (30) boot: Multicore bootloader
I (31) boot: chip revision: v0.2
I (34) boot: efuse block revision: v1.4
I (38) boot.esp32s3: Boot SPI Speed : 40MHz
I (42) boot.esp32s3: SPI Mode       : DIO
I (45) boot.esp32s3: SPI Flash Size : 16MB
I (49) boot: Enabling RNG early entropy source...
I (54) boot: Partition Table:
I (56) boot: ## Label            Usage          Type ST Offset   Length
I (63) boot:  0 nvs              WiFi data        01 02 00009000 00006000
I (69) boot:  1 phy_init         RF data          01 01 0000f000 00001000
I (76) boot:  2 factory          factory app      00 00 00010000 00fa0000
I (82) boot: End of partition table
I (86) esp_image: segment 0: paddr=00010020 vaddr=3c000020 size=176d4h ( 95956) map
I (116) esp_image: segment 1: paddr=000276fc vaddr=3fc97958 size=04c10h ( 19472) load
I (122) esp_image: segment 2: paddr=0002c314 vaddr=40378000 size=03d04h ( 15620) load
I (127) esp_image: segment 3: paddr=00030020 vaddr=42020020 size=7bab0h (506544) map
I (252) esp_image: segment 4: paddr=000abad8 vaddr=4037bd04 size=0bc54h ( 48212) load
I (273) boot: Loaded app from partition at offset 0x10000
I (273) boot: Disabling RNG early entropy source...
M3 board-only AP=Rovi M3 ip=192.168.4.1:7777 WPA2 channel=1 watchdog_ms=1000 max_age_ms=250 consumer_ms=20 capacity=8
BLE advertising at_ms=931
CONNECT src=Wifi session=45608403140609 at_ms=75868
RX src=Wifi session=45608403140609 seq=1 cmd=Forward rx_ms=76127 expires_ms=75994 order=0 depth=0 status=Stale
RX src=Wifi session=45608403140609 seq=2 cmd=Reverse rx_ms=76187 expires_ms=76075 order=0 depth=0 status=Stale
RX src=Wifi session=45608403140609 seq=3 cmd=Stop rx_ms=76247 expires_ms=76136 order=0 depth=0 status=Stale
RX src=Wifi session=45608403140609 seq=4 cmd=Ping rx_ms=76331 expires_ms=76191 order=0 depth=0 status=Stale
DISCONNECT src=Wifi session=45608403140609 at_ms=76435
OUT at_ms=76437 depth=0 event=Safety { reason: Disconnect(Wifi), at_ms: 76435, purged: 0, entry: None }
CONNECT src=Wifi session=45608403140610 at_ms=102831
RX src=Wifi session=45608403140610 seq=1 cmd=Ping rx_ms=102835 expires_ms=103071 order=1 depth=0 status=Ping
OUT at_ms=103842 depth=0 event=Safety { reason: Timeout(Wifi), at_ms: 103842, purged: 0, entry: None }
DISCONNECT src=Wifi session=45608403140610 at_ms=103845
CONNECT src=Wifi session=45608403140611 at_ms=103868
RX src=Wifi session=45608403140611 seq=1 cmd=Ping rx_ms=103928 expires_ms=104108 order=2 depth=0 status=Ping
OUT at_ms=104932 depth=0 event=Safety { reason: Timeout(Wifi), at_ms: 104932, purged: 0, entry: None }
DISCONNECT src=Wifi session=45608403140611 at_ms=104936
CONNECT src=Wifi session=45608403140612 at_ms=104956
RX src=Wifi session=45608403140612 seq=1 cmd=Ping rx_ms=105031 expires_ms=105197 order=3 depth=0 status=Ping
DISCONNECT src=Wifi session=45608403140612 at_ms=105568
OUT at_ms=105570 depth=0 event=Safety { reason: Disconnect(Wifi), at_ms: 105568, purged: 0, entry: None }
CONNECT src=Wifi session=45608403140613 at_ms=131717
RX src=Wifi session=45608403140613 seq=1 cmd=Ping rx_ms=131722 expires_ms=131958 order=4 depth=0 status=Ping
DISCONNECT src=Wifi session=45608403140613 at_ms=131728
OUT at_ms=131730 depth=0 event=Safety { reason: Disconnect(Wifi), at_ms: 131728, purged: 0, entry: None }
CONNECT src=Wifi session=45608403140614 at_ms=132236
RX src=Wifi session=45608403140614 seq=1 cmd=Ping rx_ms=132241 expires_ms=132477 order=5 depth=0 status=Ping
DISCONNECT src=Wifi session=45608403140614 at_ms=132249
OUT at_ms=132258 depth=0 event=Safety { reason: Disconnect(Wifi), at_ms: 132249, purged: 0, entry: None }
CONNECT src=Wifi session=45608403140615 at_ms=132764
RX src=Wifi session=45608403140615 seq=1 cmd=Ping rx_ms=132769 expires_ms=133004 order=6 depth=0 status=Ping
DISCONNECT src=Wifi session=45608403140615 at_ms=132774
OUT at_ms=132780 depth=0 event=Safety { reason: Disconnect(Wifi), at_ms: 132774, purged: 0, entry: None }
CONNECT src=Wifi session=45608403140616 at_ms=132842
RX src=Wifi session=45608403140616 seq=1 cmd=Ping rx_ms=132846 expires_ms=133082 order=7 depth=0 status=Ping
DISCONNECT src=Wifi session=45608403140616 at_ms=132852
OUT at_ms=132854 depth=0 event=Safety { reason: Disconnect(Wifi), at_ms: 132852, purged: 0, entry: None }
CONNECT src=Wifi session=45608403140617 at_ms=132958
RX src=Wifi session=45608403140617 seq=1 cmd=Ping rx_ms=132963 expires_ms=133198 order=8 depth=0 status=Ping
DISCONNECT src=Wifi session=45608403140617 at_ms=133046
OUT at_ms=133051 depth=0 event=Safety { reason: Disconnect(Wifi), at_ms: 133046, purged: 0, entry: None }
CONNECT src=Wifi session=45608403140618 at_ms=133149
RX src=Wifi session=45608403140618 seq=1 cmd=Ping rx_ms=133153 expires_ms=133389 order=9 depth=0 status=Ping
DISCONNECT src=Wifi session=45608403140618 at_ms=133158
OUT at_ms=133164 depth=0 event=Safety { reason: Disconnect(Wifi), at_ms: 133158, purged: 0, entry: None }
CONNECT src=Wifi session=45608403140619 at_ms=133261
RX src=Wifi session=45608403140619 seq=1 cmd=Ping rx_ms=133266 expires_ms=133502 order=10 depth=0 status=Ping
DISCONNECT src=Wifi session=45608403140619 at_ms=133273
OUT at_ms=133277 depth=0 event=Safety { reason: Disconnect(Wifi), at_ms: 133273, purged: 0, entry: None }
CONNECT src=Wifi session=45608403140620 at_ms=133455
RX src=Wifi session=45608403140620 seq=1 cmd=Ping rx_ms=133459 expires_ms=133695 order=11 depth=0 status=Ping
DISCONNECT src=Wifi session=45608403140620 at_ms=133465
OUT at_ms=133470 depth=0 event=Safety { reason: Disconnect(Wifi), at_ms: 133465, purged: 0, entry: None }
CONNECT src=Wifi session=45608403140621 at_ms=133594
RX src=Wifi session=45608403140621 seq=1 cmd=Stop rx_ms=133601 expires_ms=133720 order=12 depth=0 status=Stop
OUT at_ms=133604 depth=0 event=Safety { reason: Stop, at_ms: 133601, purged: 0, entry: Some(Entry { input: Input { source: Wifi, session: 45608403140621, seq: 1, expires_ms: 133720, command: Stop }, order: 12, received_ms: 133601 }) }
DISCONNECT src=Wifi session=45608403140621 at_ms=133660
OUT at_ms=133661 depth=0 event=Safety { reason: Disconnect(Wifi), at_ms: 133660, purged: 0, entry: None }
CONNECT src=Wifi session=45608403140622 at_ms=135206
RX src=Wifi session=45608403140622 seq=1 cmd=Stop rx_ms=135210 expires_ms=135331 order=13 depth=0 status=Stop
OUT at_ms=135216 depth=0 event=Safety { reason: Stop, at_ms: 135210, purged: 0, entry: Some(Entry { input: Input { source: Wifi, session: 45608403140622, seq: 1, expires_ms: 135331, command: Stop }, order: 13, received_ms: 135210 }) }
DISCONNECT src=Wifi session=45608403140622 at_ms=135301
OUT at_ms=135302 depth=0 event=Safety { reason: Disconnect(Wifi), at_ms: 135301, purged: 0, entry: None }
CONNECT src=Wifi session=45608403140623 at_ms=136844
RX src=Wifi session=45608403140623 seq=1 cmd=Stop rx_ms=136848 expires_ms=136969 order=14 depth=0 status=Stop
OUT at_ms=136849 depth=0 event=Safety { reason: Stop, at_ms: 136848, purged: 0, entry: Some(Entry { input: Input { source: Wifi, session: 45608403140623, seq: 1, expires_ms: 136969, command: Stop }, order: 14, received_ms: 136848 }) }
DISCONNECT src=Wifi session=45608403140623 at_ms=137042
OUT at_ms=137049 depth=0 event=Safety { reason: Disconnect(Wifi), at_ms: 137042, purged: 0, entry: None }
CONNECT src=Wifi session=45608403140624 at_ms=180424
RX src=Wifi session=45608403140624 seq=1 cmd=Ping rx_ms=180429 expires_ms=180664 order=15 depth=0 status=Ping
DISCONNECT src=Wifi session=45608403140624 at_ms=180486
OUT at_ms=180490 depth=0 event=Safety { reason: Disconnect(Wifi), at_ms: 180486, purged: 0, entry: None }
CONNECT src=Wifi session=45608403140625 at_ms=185504
RX src=Wifi session=45608403140625 seq=1 cmd=Ping rx_ms=185508 expires_ms=185744 order=16 depth=0 status=Ping
DISCONNECT src=Wifi session=45608403140625 at_ms=185514
OUT at_ms=185515 depth=0 event=Safety { reason: Disconnect(Wifi), at_ms: 185514, purged: 0, entry: None }
CONNECT src=Wifi session=45608403140626 at_ms=190520
RX src=Wifi session=45608403140626 seq=1 cmd=Ping rx_ms=190551 expires_ms=190760 order=17 depth=0 status=Ping
DISCONNECT src=Wifi session=45608403140626 at_ms=190557
OUT at_ms=190565 depth=0 event=Safety { reason: Disconnect(Wifi), at_ms: 190557, purged: 0, entry: None }
CONNECT src=Wifi session=45608403140627 at_ms=195581
RX src=Wifi session=45608403140627 seq=1 cmd=Ping rx_ms=195585 expires_ms=195821 order=18 depth=0 status=Ping
DISCONNECT src=Wifi session=45608403140627 at_ms=195592
OUT at_ms=195600 depth=0 event=Safety { reason: Disconnect(Wifi), at_ms: 195592, purged: 0, entry: None }
CONNECT src=Wifi session=45608403140628 at_ms=200624
RX src=Wifi session=45608403140628 seq=1 cmd=Ping rx_ms=200628 expires_ms=200864 order=19 depth=0 status=Ping
DISCONNECT src=Wifi session=45608403140628 at_ms=200634
OUT at_ms=200636 depth=0 event=Safety { reason: Disconnect(Wifi), at_ms: 200634, purged: 0, entry: None }
CONNECT src=Wifi session=45608403140629 at_ms=206161
RX src=Wifi session=45608403140629 seq=1 cmd=Ping rx_ms=206166 expires_ms=206402 order=20 depth=0 status=Ping
DISCONNECT src=Wifi session=45608403140629 at_ms=206172
OUT at_ms=206175 depth=0 event=Safety { reason: Disconnect(Wifi), at_ms: 206172, purged: 0, entry: None }
CONNECT src=Wifi session=45608403140630 at_ms=211180
RX src=Wifi session=45608403140630 seq=1 cmd=Ping rx_ms=211185 expires_ms=211420 order=21 depth=0 status=Ping
DISCONNECT src=Wifi session=45608403140630 at_ms=211191
OUT at_ms=211193 depth=0 event=Safety { reason: Disconnect(Wifi), at_ms: 211191, purged: 0, entry: None }
CONNECT src=Wifi session=45608403140631 at_ms=216209
RX src=Wifi session=45608403140631 seq=1 cmd=Ping rx_ms=216217 expires_ms=216449 order=22 depth=0 status=Ping
DISCONNECT src=Wifi session=45608403140631 at_ms=216223
OUT at_ms=216224 depth=0 event=Safety { reason: Disconnect(Wifi), at_ms: 216223, purged: 0, entry: None }
CONNECT src=Wifi session=45608403140632 at_ms=221226
RX src=Wifi session=45608403140632 seq=1 cmd=Ping rx_ms=221230 expires_ms=221466 order=23 depth=0 status=Ping
DISCONNECT src=Wifi session=45608403140632 at_ms=221282
OUT at_ms=221284 depth=0 event=Safety { reason: Disconnect(Wifi), at_ms: 221282, purged: 0, entry: None }
CONNECT src=Wifi session=45608403140633 at_ms=226242
RX src=Wifi session=45608403140633 seq=1 cmd=Ping rx_ms=226247 expires_ms=226482 order=24 depth=0 status=Ping
DISCONNECT src=Wifi session=45608403140633 at_ms=226254
OUT at_ms=226258 depth=0 event=Safety { reason: Disconnect(Wifi), at_ms: 226254, purged: 0, entry: None }
WIFI link departure/event loss at_ms=244966
CONNECT src=Wifi session=45608403140634 at_ms=247391
RX src=Wifi session=45608403140634 seq=1 cmd=Ping rx_ms=247402 expires_ms=247631 order=25 depth=0 status=Ping
DISCONNECT src=Wifi session=45608403140634 at_ms=247464
OUT at_ms=247468 depth=0 event=Safety { reason: Disconnect(Wifi), at_ms: 247464, purged: 0, entry: None }
WIFI link departure/event loss at_ms=247498
CONNECT src=Wifi session=45608403140635 at_ms=250005
RX src=Wifi session=45608403140635 seq=1 cmd=Ping rx_ms=250120 expires_ms=250246 order=26 depth=0 status=Ping
DISCONNECT src=Wifi session=45608403140635 at_ms=250126
OUT at_ms=250133 depth=0 event=Safety { reason: Disconnect(Wifi), at_ms: 250126, purged: 0, entry: None }
WIFI link departure/event loss at_ms=250185
CONNECT src=Wifi session=45608403140636 at_ms=252882
RX src=Wifi session=45608403140636 seq=1 cmd=Ping rx_ms=252888 expires_ms=253122 order=27 depth=0 status=Ping
DISCONNECT src=Wifi session=45608403140636 at_ms=252894
OUT at_ms=252895 depth=0 event=Safety { reason: Disconnect(Wifi), at_ms: 252894, purged: 0, entry: None }
WIFI link departure/event loss at_ms=302385
CONNECT src=Wifi session=45608403140637 at_ms=308874
RX src=Wifi session=45608403140637 seq=1 cmd=Ping rx_ms=308879 expires_ms=308999 order=28 depth=0 status=Ping
RX src=Wifi session=45608403140637 seq=2 cmd=Forward rx_ms=308883 expires_ms=309008 order=29 depth=1 status=Queued
OUT at_ms=308888 depth=0 event=Apply(Entry { input: Input { source: Wifi, session: 45608403140637, seq: 2, expires_ms: 309008, command: Forward }, order: 29, received_ms: 308883 })
RX src=Wifi session=45608403140637 seq=3 cmd=Reverse rx_ms=309049 expires_ms=309140 order=30 depth=1 status=Queued
OUT at_ms=309055 depth=0 event=Apply(Entry { input: Input { source: Wifi, session: 45608403140637, seq: 3, expires_ms: 309140, command: Reverse }, order: 30, received_ms: 309049 })
RX src=Wifi session=45608403140637 seq=4 cmd=Stop rx_ms=309166 expires_ms=309232 order=31 depth=0 status=Stop
OUT at_ms=309175 depth=0 event=Safety { reason: Stop, at_ms: 309166, purged: 0, entry: Some(Entry { input: Input { source: Wifi, session: 45608403140637, seq: 4, expires_ms: 309232, command: Stop }, order: 31, received_ms: 309166 }) }
RX src=Wifi session=45608403140637 seq=5 cmd=Ping rx_ms=309268 expires_ms=309346 order=32 depth=0 status=Ping
DISCONNECT src=Wifi session=45608403140637 at_ms=309371
OUT at_ms=309376 depth=0 event=Safety { reason: Disconnect(Wifi), at_ms: 309371, purged: 0, entry: None }
CONNECT src=Wifi session=45608403140638 at_ms=309465
RX src=Wifi session=45608403140638 seq=1 cmd=Ping rx_ms=309472 expires_ms=309591 order=33 depth=0 status=Ping
RX src=Wifi session=45608403140638 seq=2 cmd=Stop rx_ms=309477 expires_ms=309601 order=34 depth=0 status=Stop
OUT at_ms=309480 depth=0 event=Safety { reason: Stop, at_ms: 309477, purged: 0, entry: Some(Entry { input: Input { source: Wifi, session: 45608403140638, seq: 2, expires_ms: 309601, command: Stop }, order: 34, received_ms: 309477 }) }
DISCONNECT src=Wifi session=45608403140638 at_ms=309679
OUT at_ms=309682 depth=0 event=Safety { reason: Disconnect(Wifi), at_ms: 309679, purged: 0, entry: None }
CONNECT src=Wifi session=45608403140639 at_ms=309784
RX src=Wifi session=45608403140639 seq=1 cmd=Ping rx_ms=309789 expires_ms=309909 order=35 depth=0 status=Ping
RX src=Wifi session=45608403140638 seq=2 cmd=Stop rx_ms=309794 expires_ms=309601 order=0 depth=0 status=Session
DISCONNECT src=Wifi session=45608403140639 at_ms=309804
OUT at_ms=309808 depth=0 event=Safety { reason: Disconnect(Wifi), at_ms: 309804, purged: 0, entry: None }
WIFI link departure/event loss at_ms=309857
CONNECT src=Wifi session=45608403140640 at_ms=313334
RX src=Wifi session=45608403140640 seq=1 cmd=Ping rx_ms=313392 expires_ms=313459 order=36 depth=0 status=Ping
RX src=Wifi session=45608403140640 seq=2 cmd=Forward rx_ms=313400 expires_ms=313526 order=37 depth=1 status=Queued
OUT at_ms=313416 depth=0 event=Apply(Entry { input: Input { source: Wifi, session: 45608403140640, seq: 2, expires_ms: 313526, command: Forward }, order: 37, received_ms: 313400 })
RX src=Wifi session=45608403140640 seq=3 cmd=Reverse rx_ms=313501 expires_ms=313581 order=38 depth=1 status=Queued
OUT at_ms=313502 depth=0 event=Apply(Entry { input: Input { source: Wifi, session: 45608403140640, seq: 3, expires_ms: 313581, command: Reverse }, order: 38, received_ms: 313501 })
RX src=Wifi session=45608403140640 seq=4 cmd=Stop rx_ms=313604 expires_ms=313696 order=39 depth=0 status=Stop
OUT at_ms=313607 depth=0 event=Safety { reason: Stop, at_ms: 313604, purged: 0, entry: Some(Entry { input: Input { source: Wifi, session: 45608403140640, seq: 4, expires_ms: 313696, command: Stop }, order: 39, received_ms: 313604 }) }
RX src=Wifi session=45608403140640 seq=5 cmd=Ping rx_ms=313706 expires_ms=313785 order=40 depth=0 status=Ping
DISCONNECT src=Wifi session=45608403140640 at_ms=313763
OUT at_ms=313763 depth=0 event=Safety { reason: Disconnect(Wifi), at_ms: 313763, purged: 0, entry: None }
CONNECT src=Wifi session=45608403140641 at_ms=313830
RX src=Wifi session=45608403140641 seq=1 cmd=Ping rx_ms=313835 expires_ms=313955 order=41 depth=0 status=Ping
RX src=Wifi session=45608403140641 seq=2 cmd=Stop rx_ms=313840 expires_ms=313965 order=42 depth=0 status=Stop
OUT at_ms=313848 depth=0 event=Safety { reason: Stop, at_ms: 313840, purged: 0, entry: Some(Entry { input: Input { source: Wifi, session: 45608403140641, seq: 2, expires_ms: 313965, command: Stop }, order: 42, received_ms: 313840 }) }
DISCONNECT src=Wifi session=45608403140641 at_ms=313913
OUT at_ms=313915 depth=0 event=Safety { reason: Disconnect(Wifi), at_ms: 313913, purged: 0, entry: None }
CONNECT src=Wifi session=45608403140642 at_ms=314020
RX src=Wifi session=45608403140642 seq=1 cmd=Ping rx_ms=314027 expires_ms=314145 order=43 depth=0 status=Ping
RX src=Wifi session=45608403140641 seq=2 cmd=Stop rx_ms=314031 expires_ms=313965 order=0 depth=0 status=Session
DISCONNECT src=Wifi session=45608403140642 at_ms=314040
OUT at_ms=314048 depth=0 event=Safety { reason: Disconnect(Wifi), at_ms: 314040, purged: 0, entry: None }
WIFI link departure/event loss at_ms=314117
CONNECT src=Wifi session=45608403140643 at_ms=316591
RX src=Wifi session=45608403140643 seq=1 cmd=Ping rx_ms=316598 expires_ms=316716 order=44 depth=0 status=Ping
RX src=Wifi session=45608403140643 seq=2 cmd=Forward rx_ms=316663 expires_ms=316734 order=45 depth=1 status=Queued
OUT at_ms=316669 depth=0 event=Apply(Entry { input: Input { source: Wifi, session: 45608403140643, seq: 2, expires_ms: 316734, command: Forward }, order: 45, received_ms: 316663 })
RX src=Wifi session=45608403140643 seq=3 cmd=Reverse rx_ms=316762 expires_ms=316846 order=46 depth=1 status=Queued
OUT at_ms=316779 depth=0 event=Apply(Entry { input: Input { source: Wifi, session: 45608403140643, seq: 3, expires_ms: 316846, command: Reverse }, order: 46, received_ms: 316762 })
RX src=Wifi session=45608403140643 seq=4 cmd=Stop rx_ms=316832 expires_ms=316944 order=47 depth=0 status=Stop
OUT at_ms=316835 depth=0 event=Safety { reason: Stop, at_ms: 316832, purged: 0, entry: Some(Entry { input: Input { source: Wifi, session: 45608403140643, seq: 4, expires_ms: 316944, command: Stop }, order: 47, received_ms: 316832 }) }
RX src=Wifi session=45608403140643 seq=5 cmd=Ping rx_ms=316887 expires_ms=317014 order=48 depth=0 status=Ping
DISCONNECT src=Wifi session=45608403140643 at_ms=316968
OUT at_ms=316974 depth=0 event=Safety { reason: Disconnect(Wifi), at_ms: 316968, purged: 0, entry: None }
CONNECT src=Wifi session=45608403140644 at_ms=317075
RX src=Wifi session=45608403140644 seq=1 cmd=Ping rx_ms=317080 expires_ms=317200 order=49 depth=0 status=Ping
RX src=Wifi session=45608403140644 seq=2 cmd=Stop rx_ms=317087 expires_ms=317212 order=50 depth=0 status=Stop
OUT at_ms=317088 depth=0 event=Safety { reason: Stop, at_ms: 317087, purged: 0, entry: Some(Entry { input: Input { source: Wifi, session: 45608403140644, seq: 2, expires_ms: 317212, command: Stop }, order: 50, received_ms: 317087 }) }
DISCONNECT src=Wifi session=45608403140644 at_ms=317173
OUT at_ms=317179 depth=0 event=Safety { reason: Disconnect(Wifi), at_ms: 317173, purged: 0, entry: None }
CONNECT src=Wifi session=45608403140645 at_ms=317245
RX src=Wifi session=45608403140645 seq=1 cmd=Ping rx_ms=317249 expires_ms=317370 order=51 depth=0 status=Ping
RX src=Wifi session=45608403140644 seq=2 cmd=Stop rx_ms=317255 expires_ms=317212 order=0 depth=0 status=Session
DISCONNECT src=Wifi session=45608403140645 at_ms=317296
OUT at_ms=317300 depth=0 event=Safety { reason: Disconnect(Wifi), at_ms: 317296, purged: 0, entry: None }
CONNECT src=Wifi session=45608403140646 at_ms=332161
RX src=Wifi session=45608403140646 seq=1 cmd=Ping rx_ms=332167 expires_ms=332286 order=52 depth=0 status=Ping
RX src=Wifi session=45608403140646 seq=2 cmd=Forward rx_ms=332171 expires_ms=332296 order=53 depth=1 status=Queued
OUT at_ms=332185 depth=0 event=Apply(Entry { input: Input { source: Wifi, session: 45608403140646, seq: 2, expires_ms: 332296, command: Forward }, order: 53, received_ms: 332171 })
RX src=Wifi session=45608403140646 seq=3 cmd=Reverse rx_ms=332248 expires_ms=332354 order=54 depth=1 status=Queued
OUT at_ms=332252 depth=0 event=Apply(Entry { input: Input { source: Wifi, session: 45608403140646, seq: 3, expires_ms: 332354, command: Reverse }, order: 54, received_ms: 332248 })
RX src=Wifi session=45608403140646 seq=4 cmd=Forward rx_ms=332343 expires_ms=332430 order=55 depth=1 status=Queued
OUT at_ms=332356 depth=0 event=Apply(Entry { input: Input { source: Wifi, session: 45608403140646, seq: 4, expires_ms: 332430, command: Forward }, order: 55, received_ms: 332343 })
RX src=Wifi session=45608403140646 seq=5 cmd=Reverse rx_ms=332446 expires_ms=332523 order=56 depth=1 status=Queued
OUT at_ms=332462 depth=0 event=Apply(Entry { input: Input { source: Wifi, session: 45608403140646, seq: 5, expires_ms: 332523, command: Reverse }, order: 56, received_ms: 332446 })
RX src=Wifi session=45608403140646 seq=6 cmd=Forward rx_ms=332548 expires_ms=332626 order=57 depth=1 status=Queued
OUT at_ms=332567 depth=0 event=Apply(Entry { input: Input { source: Wifi, session: 45608403140646, seq: 6, expires_ms: 332626, command: Forward }, order: 57, received_ms: 332548 })
RX src=Wifi session=45608403140646 seq=7 cmd=Reverse rx_ms=332603 expires_ms=332728 order=58 depth=1 status=Queued
OUT at_ms=332614 depth=0 event=Apply(Entry { input: Input { source: Wifi, session: 45608403140646, seq: 7, expires_ms: 332728, command: Reverse }, order: 58, received_ms: 332603 })
RX src=Wifi session=45608403140646 seq=8 cmd=Forward rx_ms=332665 expires_ms=332784 order=59 depth=1 status=Queued
OUT at_ms=332680 depth=0 event=Apply(Entry { input: Input { source: Wifi, session: 45608403140646, seq: 8, expires_ms: 332784, command: Forward }, order: 59, received_ms: 332665 })
RX src=Wifi session=45608403140646 seq=9 cmd=Reverse rx_ms=332754 expires_ms=332847 order=60 depth=1 status=Queued
OUT at_ms=332765 depth=0 event=Apply(Entry { input: Input { source: Wifi, session: 45608403140646, seq: 9, expires_ms: 332847, command: Reverse }, order: 60, received_ms: 332754 })
RX src=Wifi session=45608403140646 seq=10 cmd=Forward rx_ms=332855 expires_ms=332934 order=61 depth=1 status=Queued
OUT at_ms=332871 depth=0 event=Apply(Entry { input: Input { source: Wifi, session: 45608403140646, seq: 10, expires_ms: 332934, command: Forward }, order: 61, received_ms: 332855 })
RX src=Wifi session=45608403140646 seq=11 cmd=Reverse rx_ms=332958 expires_ms=333035 order=62 depth=1 status=Queued
OUT at_ms=332977 depth=0 event=Apply(Entry { input: Input { source: Wifi, session: 45608403140646, seq: 11, expires_ms: 333035, command: Reverse }, order: 62, received_ms: 332958 })
RX src=Wifi session=45608403140646 seq=12 cmd=Forward rx_ms=333013 expires_ms=333138 order=63 depth=1 status=Queued
OUT at_ms=333022 depth=0 event=Apply(Entry { input: Input { source: Wifi, session: 45608403140646, seq: 12, expires_ms: 333138, command: Forward }, order: 63, received_ms: 333013 })
RX src=Wifi session=45608403140646 seq=13 cmd=Reverse rx_ms=333074 expires_ms=333194 order=64 depth=1 status=Queued
OUT at_ms=333089 depth=0 event=Apply(Entry { input: Input { source: Wifi, session: 45608403140646, seq: 13, expires_ms: 333194, command: Reverse }, order: 64, received_ms: 333074 })
RX src=Wifi session=45608403140646 seq=14 cmd=Forward rx_ms=333162 expires_ms=333254 order=65 depth=1 status=Queued
OUT at_ms=333176 depth=0 event=Apply(Entry { input: Input { source: Wifi, session: 45608403140646, seq: 14, expires_ms: 333254, command: Forward }, order: 65, received_ms: 333162 })
RX src=Wifi session=45608403140646 seq=15 cmd=Reverse rx_ms=333265 expires_ms=333343 order=66 depth=1 status=Queued
OUT at_ms=333282 depth=0 event=Apply(Entry { input: Input { source: Wifi, session: 45608403140646, seq: 15, expires_ms: 333343, command: Reverse }, order: 66, received_ms: 333265 })
RX src=Wifi session=45608403140646 seq=16 cmd=Forward rx_ms=333367 expires_ms=333445 order=67 depth=1 status=Queued
OUT at_ms=333368 depth=0 event=Apply(Entry { input: Input { source: Wifi, session: 45608403140646, seq: 16, expires_ms: 333445, command: Forward }, order: 67, received_ms: 333367 })
RX src=Wifi session=45608403140646 seq=17 cmd=Reverse rx_ms=333484 expires_ms=333562 order=68 depth=1 status=Queued
OUT at_ms=333495 depth=0 event=Apply(Entry { input: Input { source: Wifi, session: 45608403140646, seq: 17, expires_ms: 333562, command: Reverse }, order: 68, received_ms: 333484 })
RX src=Wifi session=45608403140646 seq=18 cmd=Forward rx_ms=333572 expires_ms=333664 order=69 depth=1 status=Queued
OUT at_ms=333580 depth=0 event=Apply(Entry { input: Input { source: Wifi, session: 45608403140646, seq: 18, expires_ms: 333664, command: Forward }, order: 69, received_ms: 333572 })
RX src=Wifi session=45608403140646 seq=19 cmd=Reverse rx_ms=333674 expires_ms=333752 order=70 depth=1 status=Queued
OUT at_ms=333688 depth=0 event=Apply(Entry { input: Input { source: Wifi, session: 45608403140646, seq: 19, expires_ms: 333752, command: Reverse }, order: 70, received_ms: 333674 })
RX src=Wifi session=45608403140646 seq=20 cmd=Forward rx_ms=333777 expires_ms=333855 order=71 depth=1 status=Queued
OUT at_ms=333793 depth=0 event=Apply(Entry { input: Input { source: Wifi, session: 45608403140646, seq: 20, expires_ms: 333855, command: Forward }, order: 71, received_ms: 333777 })
RX src=Wifi session=45608403140646 seq=21 cmd=Reverse rx_ms=333832 expires_ms=333957 order=72 depth=1 status=Queued
OUT at_ms=333838 depth=0 event=Apply(Entry { input: Input { source: Wifi, session: 45608403140646, seq: 21, expires_ms: 333957, command: Reverse }, order: 72, received_ms: 333832 })
RX src=Wifi session=45608403140646 seq=22 cmd=Forward rx_ms=333894 expires_ms=334013 order=73 depth=1 status=Queued
OUT at_ms=333908 depth=0 event=Apply(Entry { input: Input { source: Wifi, session: 45608403140646, seq: 22, expires_ms: 334013, command: Forward }, order: 73, received_ms: 333894 })
RX src=Wifi session=45608403140646 seq=23 cmd=Reverse rx_ms=333981 expires_ms=334074 order=74 depth=1 status=Queued
OUT at_ms=333995 depth=0 event=Apply(Entry { input: Input { source: Wifi, session: 45608403140646, seq: 23, expires_ms: 334074, command: Reverse }, order: 74, received_ms: 333981 })
RX src=Wifi session=45608403140646 seq=24 cmd=Forward rx_ms=334084 expires_ms=334162 order=75 depth=1 status=Queued
OUT at_ms=334101 depth=0 event=Apply(Entry { input: Input { source: Wifi, session: 45608403140646, seq: 24, expires_ms: 334162, command: Forward }, order: 75, received_ms: 334084 })
RX src=Wifi session=45608403140646 seq=25 cmd=Reverse rx_ms=334186 expires_ms=334264 order=76 depth=1 status=Queued
OUT at_ms=334187 depth=0 event=Apply(Entry { input: Input { source: Wifi, session: 45608403140646, seq: 25, expires_ms: 334264, command: Reverse }, order: 76, received_ms: 334186 })
RX src=Wifi session=45608403140646 seq=26 cmd=Forward rx_ms=334307 expires_ms=334381 order=77 depth=1 status=Queued
OUT at_ms=334312 depth=0 event=Apply(Entry { input: Input { source: Wifi, session: 45608403140646, seq: 26, expires_ms: 334381, command: Forward }, order: 77, received_ms: 334307 })
RX src=Wifi session=45608403140646 seq=27 cmd=Reverse rx_ms=334392 expires_ms=334487 order=78 depth=1 status=Queued
OUT at_ms=334393 depth=0 event=Apply(Entry { input: Input { source: Wifi, session: 45608403140646, seq: 27, expires_ms: 334487, command: Reverse }, order: 78, received_ms: 334392 })
RX src=Wifi session=45608403140646 seq=28 cmd=Forward rx_ms=334493 expires_ms=334586 order=79 depth=1 status=Queued
OUT at_ms=334497 depth=0 event=Apply(Entry { input: Input { source: Wifi, session: 45608403140646, seq: 28, expires_ms: 334586, command: Forward }, order: 79, received_ms: 334493 })
RX src=Wifi session=45608403140646 seq=29 cmd=Reverse rx_ms=334596 expires_ms=334673 order=80 depth=1 status=Queued
OUT at_ms=334599 depth=0 event=Apply(Entry { input: Input { source: Wifi, session: 45608403140646, seq: 29, expires_ms: 334673, command: Reverse }, order: 80, received_ms: 334596 })
RX src=Wifi session=45608403140646 seq=30 cmd=Forward rx_ms=334651 expires_ms=334776 order=81 depth=1 status=Queued
OUT at_ms=334662 depth=0 event=Apply(Entry { input: Input { source: Wifi, session: 45608403140646, seq: 30, expires_ms: 334776, command: Forward }, order: 81, received_ms: 334651 })
RX src=Wifi session=45608403140646 seq=31 cmd=Reverse rx_ms=334713 expires_ms=334832 order=82 depth=1 status=Queued
OUT at_ms=334728 depth=0 event=Apply(Entry { input: Input { source: Wifi, session: 45608403140646, seq: 31, expires_ms: 334832, command: Reverse }, order: 82, received_ms: 334713 })
RX src=Wifi session=45608403140646 seq=32 cmd=Forward rx_ms=334801 expires_ms=334893 order=83 depth=1 status=Queued
OUT at_ms=334814 depth=0 event=Apply(Entry { input: Input { source: Wifi, session: 45608403140646, seq: 32, expires_ms: 334893, command: Forward }, order: 83, received_ms: 334801 })
RX src=Wifi session=45608403140646 seq=33 cmd=Reverse rx_ms=334904 expires_ms=334981 order=84 depth=1 status=Queued
OUT at_ms=334920 depth=0 event=Apply(Entry { input: Input { source: Wifi, session: 45608403140646, seq: 33, expires_ms: 334981, command: Reverse }, order: 84, received_ms: 334904 })
RX src=Wifi session=45608403140646 seq=34 cmd=Forward rx_ms=335006 expires_ms=335085 order=85 depth=1 status=Queued
OUT at_ms=335006 depth=0 event=Apply(Entry { input: Input { source: Wifi, session: 45608403140646, seq: 34, expires_ms: 335085, command: Forward }, order: 85, received_ms: 335006 })
RX src=Wifi session=45608403140646 seq=35 cmd=Reverse rx_ms=335122 expires_ms=335200 order=86 depth=1 status=Queued
OUT at_ms=335132 depth=0 event=Apply(Entry { input: Input { source: Wifi, session: 45608403140646, seq: 35, expires_ms: 335200, command: Reverse }, order: 86, received_ms: 335122 })
RX src=Wifi session=45608403140646 seq=36 cmd=Forward rx_ms=335212 expires_ms=335302 order=87 depth=1 status=Queued
OUT at_ms=335219 depth=0 event=Apply(Entry { input: Input { source: Wifi, session: 45608403140646, seq: 36, expires_ms: 335302, command: Forward }, order: 87, received_ms: 335212 })
RX src=Wifi session=45608403140646 seq=37 cmd=Reverse rx_ms=335313 expires_ms=335392 order=88 depth=1 status=Queued
OUT at_ms=335328 depth=0 event=Apply(Entry { input: Input { source: Wifi, session: 45608403140646, seq: 37, expires_ms: 335392, command: Reverse }, order: 88, received_ms: 335313 })
RX src=Wifi session=45608403140646 seq=38 cmd=Forward rx_ms=335415 expires_ms=335493 order=89 depth=1 status=Queued
OUT at_ms=335434 depth=0 event=Apply(Entry { input: Input { source: Wifi, session: 45608403140646, seq: 38, expires_ms: 335493, command: Forward }, order: 89, received_ms: 335415 })
RX src=Wifi session=45608403140646 seq=39 cmd=Reverse rx_ms=335470 expires_ms=335595 order=90 depth=1 status=Queued
OUT at_ms=335481 depth=0 event=Apply(Entry { input: Input { source: Wifi, session: 45608403140646, seq: 39, expires_ms: 335595, command: Reverse }, order: 90, received_ms: 335470 })
RX src=Wifi session=45608403140646 seq=40 cmd=Forward rx_ms=335532 expires_ms=335651 order=91 depth=1 status=Queued
OUT at_ms=335547 depth=0 event=Apply(Entry { input: Input { source: Wifi, session: 45608403140646, seq: 40, expires_ms: 335651, command: Forward }, order: 91, received_ms: 335532 })
RX src=Wifi session=45608403140646 seq=41 cmd=Reverse rx_ms=335620 expires_ms=335712 order=92 depth=1 status=Queued
OUT at_ms=335633 depth=0 event=Apply(Entry { input: Input { source: Wifi, session: 45608403140646, seq: 41, expires_ms: 335712, command: Reverse }, order: 92, received_ms: 335620 })
RX src=Wifi session=45608403140646 seq=42 cmd=Forward rx_ms=335722 expires_ms=335800 order=93 depth=1 status=Queued
OUT at_ms=335738 depth=0 event=Apply(Entry { input: Input { source: Wifi, session: 45608403140646, seq: 42, expires_ms: 335800, command: Forward }, order: 93, received_ms: 335722 })
RX src=Wifi session=45608403140646 seq=43 cmd=Reverse rx_ms=335825 expires_ms=335902 order=94 depth=1 status=Queued
OUT at_ms=335825 depth=0 event=Apply(Entry { input: Input { source: Wifi, session: 45608403140646, seq: 43, expires_ms: 335902, command: Reverse }, order: 94, received_ms: 335825 })
RX src=Wifi session=45608403140646 seq=44 cmd=Forward rx_ms=335942 expires_ms=336019 order=95 depth=1 status=Queued
OUT at_ms=335950 depth=0 event=Apply(Entry { input: Input { source: Wifi, session: 45608403140646, seq: 44, expires_ms: 336019, command: Forward }, order: 95, received_ms: 335942 })
RX src=Wifi session=45608403140646 seq=45 cmd=Reverse rx_ms=336029 expires_ms=336122 order=96 depth=1 status=Queued
OUT at_ms=336037 depth=0 event=Apply(Entry { input: Input { source: Wifi, session: 45608403140646, seq: 45, expires_ms: 336122, command: Reverse }, order: 96, received_ms: 336029 })
RX src=Wifi session=45608403140646 seq=46 cmd=Forward rx_ms=336127 expires_ms=336210 order=97 depth=1 status=Queued
OUT at_ms=336145 depth=0 event=Apply(Entry { input: Input { source: Wifi, session: 45608403140646, seq: 46, expires_ms: 336210, command: Forward }, order: 97, received_ms: 336127 })
RX src=Wifi session=45608403140646 seq=47 cmd=Reverse rx_ms=336232 expires_ms=336308 order=98 depth=1 status=Queued
OUT at_ms=336251 depth=0 event=Apply(Entry { input: Input { source: Wifi, session: 45608403140646, seq: 47, expires_ms: 336308, command: Reverse }, order: 98, received_ms: 336232 })
RX src=Wifi session=45608403140646 seq=48 cmd=Forward rx_ms=336288 expires_ms=336412 order=99 depth=1 status=Queued
OUT at_ms=336296 depth=0 event=Apply(Entry { input: Input { source: Wifi, session: 45608403140646, seq: 48, expires_ms: 336412, command: Forward }, order: 99, received_ms: 336288 })
RX src=Wifi session=45608403140646 seq=49 cmd=Reverse rx_ms=336346 expires_ms=336471 order=100 depth=1 status=Queued
OUT at_ms=336364 depth=0 event=Apply(Entry { input: Input { source: Wifi, session: 45608403140646, seq: 49, expires_ms: 336471, command: Reverse }, order: 100, received_ms: 336346 })
RX src=Wifi session=45608403140646 seq=50 cmd=Forward rx_ms=336436 expires_ms=336526 order=101 depth=1 status=Queued
OUT at_ms=336450 depth=0 event=Apply(Entry { input: Input { source: Wifi, session: 45608403140646, seq: 50, expires_ms: 336526, command: Forward }, order: 101, received_ms: 336436 })
RX src=Wifi session=45608403140646 seq=51 cmd=Reverse rx_ms=336537 expires_ms=336617 order=102 depth=1 status=Queued
OUT at_ms=336556 depth=0 event=Apply(Entry { input: Input { source: Wifi, session: 45608403140646, seq: 51, expires_ms: 336617, command: Reverse }, order: 102, received_ms: 336537 })
RX src=Wifi session=45608403140646 seq=52 cmd=Forward rx_ms=336641 expires_ms=336718 order=103 depth=1 status=Queued
OUT at_ms=336642 depth=0 event=Apply(Entry { input: Input { source: Wifi, session: 45608403140646, seq: 52, expires_ms: 336718, command: Forward }, order: 103, received_ms: 336641 })
RX src=Wifi session=45608403140646 seq=53 cmd=Reverse rx_ms=336756 expires_ms=336836 order=104 depth=1 status=Queued
OUT at_ms=336769 depth=0 event=Apply(Entry { input: Input { source: Wifi, session: 45608403140646, seq: 53, expires_ms: 336836, command: Reverse }, order: 104, received_ms: 336756 })
RX src=Wifi session=45608403140646 seq=54 cmd=Forward rx_ms=336846 expires_ms=336936 order=105 depth=1 status=Queued
OUT at_ms=336854 depth=0 event=Apply(Entry { input: Input { source: Wifi, session: 45608403140646, seq: 54, expires_ms: 336936, command: Forward }, order: 105, received_ms: 336846 })
RX src=Wifi session=45608403140646 seq=55 cmd=Reverse rx_ms=336946 expires_ms=337026 order=106 depth=1 status=Queued
OUT at_ms=336962 depth=0 event=Apply(Entry { input: Input { source: Wifi, session: 45608403140646, seq: 55, expires_ms: 337026, command: Reverse }, order: 106, received_ms: 336946 })
RX src=Wifi session=45608403140646 seq=56 cmd=Forward rx_ms=337049 expires_ms=337128 order=107 depth=1 status=Queued
OUT at_ms=337050 depth=0 event=Apply(Entry { input: Input { source: Wifi, session: 45608403140646, seq: 56, expires_ms: 337128, command: Forward }, order: 107, received_ms: 337049 })
RX src=Wifi session=45608403140646 seq=57 cmd=Reverse rx_ms=337165 expires_ms=337243 order=108 depth=1 status=Queued
OUT at_ms=337176 depth=0 event=Apply(Entry { input: Input { source: Wifi, session: 45608403140646, seq: 57, expires_ms: 337243, command: Reverse }, order: 108, received_ms: 337165 })
RX src=Wifi session=45608403140646 seq=58 cmd=Forward rx_ms=337256 expires_ms=337345 order=109 depth=1 status=Queued
OUT at_ms=337262 depth=0 event=Apply(Entry { input: Input { source: Wifi, session: 45608403140646, seq: 58, expires_ms: 337345, command: Forward }, order: 109, received_ms: 337256 })
RX src=Wifi session=45608403140646 seq=59 cmd=Reverse rx_ms=337357 expires_ms=337436 order=110 depth=1 status=Queued
OUT at_ms=337371 depth=0 event=Apply(Entry { input: Input { source: Wifi, session: 45608403140646, seq: 59, expires_ms: 337436, command: Reverse }, order: 110, received_ms: 337357 })
RX src=Wifi session=45608403140646 seq=60 cmd=Forward rx_ms=337461 expires_ms=337538 order=111 depth=1 status=Queued
OUT at_ms=337477 depth=0 event=Apply(Entry { input: Input { source: Wifi, session: 45608403140646, seq: 60, expires_ms: 337538, command: Forward }, order: 111, received_ms: 337461 })
RX src=Wifi session=45608403140646 seq=61 cmd=Reverse rx_ms=337517 expires_ms=337641 order=112 depth=1 status=Queued
OUT at_ms=337522 depth=0 event=Apply(Entry { input: Input { source: Wifi, session: 45608403140646, seq: 61, expires_ms: 337641, command: Reverse }, order: 112, received_ms: 337517 })
RX src=Wifi session=45608403140646 seq=62 cmd=Forward rx_ms=337575 expires_ms=337700 order=113 depth=1 status=Queued
OUT at_ms=337583 depth=0 event=Apply(Entry { input: Input { source: Wifi, session: 45608403140646, seq: 62, expires_ms: 337700, command: Forward }, order: 113, received_ms: 337575 })
RX src=Wifi session=45608403140646 seq=63 cmd=Reverse rx_ms=337665 expires_ms=337755 order=114 depth=1 status=Queued
OUT at_ms=337671 depth=0 event=Apply(Entry { input: Input { source: Wifi, session: 45608403140646, seq: 63, expires_ms: 337755, command: Reverse }, order: 114, received_ms: 337665 })
RX src=Wifi session=45608403140646 seq=64 cmd=Forward rx_ms=337767 expires_ms=337845 order=115 depth=1 status=Queued
OUT at_ms=337782 depth=0 event=Apply(Entry { input: Input { source: Wifi, session: 45608403140646, seq: 64, expires_ms: 337845, command: Forward }, order: 115, received_ms: 337767 })
RX src=Wifi session=45608403140646 seq=65 cmd=Reverse rx_ms=337871 expires_ms=337948 order=116 depth=1 status=Queued
OUT at_ms=337887 depth=0 event=Apply(Entry { input: Input { source: Wifi, session: 45608403140646, seq: 65, expires_ms: 337948, command: Reverse }, order: 116, received_ms: 337871 })
RX src=Wifi session=45608403140646 seq=66 cmd=Forward rx_ms=337928 expires_ms=338053 order=117 depth=1 status=Queued
OUT at_ms=337932 depth=0 event=Apply(Entry { input: Input { source: Wifi, session: 45608403140646, seq: 66, expires_ms: 338053, command: Forward }, order: 117, received_ms: 337928 })
RX src=Wifi session=45608403140646 seq=67 cmd=Reverse rx_ms=338075 expires_ms=338162 order=118 depth=1 status=Queued
OUT at_ms=338076 depth=0 event=Apply(Entry { input: Input { source: Wifi, session: 45608403140646, seq: 67, expires_ms: 338162, command: Reverse }, order: 118, received_ms: 338075 })
RX src=Wifi session=45608403140646 seq=68 cmd=Forward rx_ms=338175 expires_ms=338274 order=119 depth=1 status=Queued
OUT at_ms=338180 depth=0 event=Apply(Entry { input: Input { source: Wifi, session: 45608403140646, seq: 68, expires_ms: 338274, command: Forward }, order: 119, received_ms: 338175 })
RX src=Wifi session=45608403140646 seq=69 cmd=Reverse rx_ms=338278 expires_ms=338357 order=120 depth=1 status=Queued
OUT at_ms=338281 depth=0 event=Apply(Entry { input: Input { source: Wifi, session: 45608403140646, seq: 69, expires_ms: 338357, command: Reverse }, order: 120, received_ms: 338278 })
RX src=Wifi session=45608403140646 seq=70 cmd=Forward rx_ms=338334 expires_ms=338459 order=121 depth=1 status=Queued
OUT at_ms=338346 depth=0 event=Apply(Entry { input: Input { source: Wifi, session: 45608403140646, seq: 70, expires_ms: 338459, command: Forward }, order: 121, received_ms: 338334 })
RX src=Wifi session=45608403140646 seq=71 cmd=Reverse rx_ms=338394 expires_ms=338515 order=122 depth=1 status=Queued
OUT at_ms=338411 depth=0 event=Apply(Entry { input: Input { source: Wifi, session: 45608403140646, seq: 71, expires_ms: 338515, command: Reverse }, order: 122, received_ms: 338394 })
RX src=Wifi session=45608403140646 seq=72 cmd=Forward rx_ms=338482 expires_ms=338574 order=123 depth=1 status=Queued
OUT at_ms=338497 depth=0 event=Apply(Entry { input: Input { source: Wifi, session: 45608403140646, seq: 72, expires_ms: 338574, command: Forward }, order: 123, received_ms: 338482 })
RX src=Wifi session=45608403140646 seq=73 cmd=Reverse rx_ms=338584 expires_ms=338664 order=124 depth=1 status=Queued
OUT at_ms=338603 depth=0 event=Apply(Entry { input: Input { source: Wifi, session: 45608403140646, seq: 73, expires_ms: 338664, command: Reverse }, order: 124, received_ms: 338584 })
RX src=Wifi session=45608403140646 seq=74 cmd=Forward rx_ms=338689 expires_ms=338766 order=125 depth=1 status=Queued
OUT at_ms=338690 depth=0 event=Apply(Entry { input: Input { source: Wifi, session: 45608403140646, seq: 74, expires_ms: 338766, command: Forward }, order: 125, received_ms: 338689 })
RX src=Wifi session=45608403140646 seq=75 cmd=Reverse rx_ms=338804 expires_ms=338884 order=126 depth=1 status=Queued
OUT at_ms=338817 depth=0 event=Apply(Entry { input: Input { source: Wifi, session: 45608403140646, seq: 75, expires_ms: 338884, command: Reverse }, order: 126, received_ms: 338804 })
RX src=Wifi session=45608403140646 seq=76 cmd=Forward rx_ms=338894 expires_ms=338984 order=127 depth=1 status=Queued
OUT at_ms=338902 depth=0 event=Apply(Entry { input: Input { source: Wifi, session: 45608403140646, seq: 76, expires_ms: 338984, command: Forward }, order: 127, received_ms: 338894 })
RX src=Wifi session=45608403140646 seq=77 cmd=Reverse rx_ms=338994 expires_ms=339075 order=128 depth=1 status=Queued
OUT at_ms=339010 depth=0 event=Apply(Entry { input: Input { source: Wifi, session: 45608403140646, seq: 77, expires_ms: 339075, command: Reverse }, order: 128, received_ms: 338994 })
RX src=Wifi session=45608403140646 seq=78 cmd=Forward rx_ms=339099 expires_ms=339175 order=129 depth=1 status=Queued
OUT at_ms=339116 depth=0 event=Apply(Entry { input: Input { source: Wifi, session: 45608403140646, seq: 78, expires_ms: 339175, command: Forward }, order: 129, received_ms: 339099 })
RX src=Wifi session=45608403140646 seq=79 cmd=Reverse rx_ms=339155 expires_ms=339279 order=130 depth=1 status=Queued
OUT at_ms=339161 depth=0 event=Apply(Entry { input: Input { source: Wifi, session: 45608403140646, seq: 79, expires_ms: 339279, command: Reverse }, order: 130, received_ms: 339155 })
RX src=Wifi session=45608403140646 seq=80 cmd=Forward rx_ms=339217 expires_ms=339342 order=131 depth=1 status=Queued
OUT at_ms=339222 depth=0 event=Apply(Entry { input: Input { source: Wifi, session: 45608403140646, seq: 80, expires_ms: 339342, command: Forward }, order: 131, received_ms: 339217 })
RX src=Wifi session=45608403140646 seq=81 cmd=Reverse rx_ms=339301 expires_ms=339398 order=132 depth=1 status=Queued
OUT at_ms=339304 depth=0 event=Apply(Entry { input: Input { source: Wifi, session: 45608403140646, seq: 81, expires_ms: 339398, command: Reverse }, order: 132, received_ms: 339301 })
RX src=Wifi session=45608403140646 seq=82 cmd=Forward rx_ms=339403 expires_ms=339483 order=133 depth=1 status=Queued
OUT at_ms=339407 depth=0 event=Apply(Entry { input: Input { source: Wifi, session: 45608403140646, seq: 82, expires_ms: 339483, command: Forward }, order: 133, received_ms: 339403 })
RX src=Wifi session=45608403140646 seq=83 cmd=Reverse rx_ms=339509 expires_ms=339585 order=134 depth=1 status=Queued
OUT at_ms=339512 depth=0 event=Apply(Entry { input: Input { source: Wifi, session: 45608403140646, seq: 83, expires_ms: 339585, command: Reverse }, order: 134, received_ms: 339509 })
RX src=Wifi session=45608403140646 seq=84 cmd=Forward rx_ms=339565 expires_ms=339689 order=135 depth=1 status=Queued
OUT at_ms=339576 depth=0 event=Apply(Entry { input: Input { source: Wifi, session: 45608403140646, seq: 84, expires_ms: 339689, command: Forward }, order: 135, received_ms: 339565 })
RX src=Wifi session=45608403140646 seq=85 cmd=Reverse rx_ms=339623 expires_ms=339747 order=136 depth=1 status=Queued
OUT at_ms=339641 depth=0 event=Apply(Entry { input: Input { source: Wifi, session: 45608403140646, seq: 85, expires_ms: 339747, command: Reverse }, order: 136, received_ms: 339623 })
RX src=Wifi session=45608403140646 seq=86 cmd=Forward rx_ms=339713 expires_ms=339803 order=137 depth=1 status=Queued
OUT at_ms=339728 depth=0 event=Apply(Entry { input: Input { source: Wifi, session: 45608403140646, seq: 86, expires_ms: 339803, command: Forward }, order: 137, received_ms: 339713 })
RX src=Wifi session=45608403140646 seq=87 cmd=Reverse rx_ms=339814 expires_ms=339894 order=138 depth=1 status=Queued
OUT at_ms=339814 depth=0 event=Apply(Entry { input: Input { source: Wifi, session: 45608403140646, seq: 87, expires_ms: 339894, command: Reverse }, order: 138, received_ms: 339814 })
RX src=Wifi session=45608403140646 seq=88 cmd=Forward rx_ms=339916 expires_ms=340009 order=139 depth=1 status=Queued
OUT at_ms=339919 depth=0 event=Apply(Entry { input: Input { source: Wifi, session: 45608403140646, seq: 88, expires_ms: 340009, command: Forward }, order: 139, received_ms: 339916 })
RX src=Wifi session=45608403140646 seq=89 cmd=Reverse rx_ms=339973 expires_ms=340097 order=140 depth=1 status=Queued
OUT at_ms=339984 depth=0 event=Apply(Entry { input: Input { source: Wifi, session: 45608403140646, seq: 89, expires_ms: 340097, command: Reverse }, order: 140, received_ms: 339973 })
RX src=Wifi session=45608403140646 seq=90 cmd=Forward rx_ms=340032 expires_ms=340153 order=141 depth=1 status=Queued
OUT at_ms=340049 depth=0 event=Apply(Entry { input: Input { source: Wifi, session: 45608403140646, seq: 90, expires_ms: 340153, command: Forward }, order: 141, received_ms: 340032 })
RX src=Wifi session=45608403140646 seq=91 cmd=Reverse rx_ms=340126 expires_ms=340212 order=142 depth=1 status=Queued
OUT at_ms=340135 depth=0 event=Apply(Entry { input: Input { source: Wifi, session: 45608403140646, seq: 91, expires_ms: 340212, command: Reverse }, order: 142, received_ms: 340126 })
RX src=Wifi session=45608403140646 seq=92 cmd=Forward rx_ms=340223 expires_ms=340306 order=143 depth=1 status=Queued
OUT at_ms=340241 depth=0 event=Apply(Entry { input: Input { source: Wifi, session: 45608403140646, seq: 92, expires_ms: 340306, command: Forward }, order: 143, received_ms: 340223 })
RX src=Wifi session=45608403140646 seq=93 cmd=Reverse rx_ms=340328 expires_ms=340405 order=144 depth=1 status=Queued
OUT at_ms=340347 depth=0 event=Apply(Entry { input: Input { source: Wifi, session: 45608403140646, seq: 93, expires_ms: 340405, command: Reverse }, order: 144, received_ms: 340328 })
RX src=Wifi session=45608403140646 seq=94 cmd=Forward rx_ms=340385 expires_ms=340510 order=145 depth=1 status=Queued
OUT at_ms=340393 depth=0 event=Apply(Entry { input: Input { source: Wifi, session: 45608403140646, seq: 94, expires_ms: 340510, command: Forward }, order: 145, received_ms: 340385 })
RX src=Wifi session=45608403140646 seq=95 cmd=Reverse rx_ms=340442 expires_ms=340567 order=146 depth=1 status=Queued
OUT at_ms=340461 depth=0 event=Apply(Entry { input: Input { source: Wifi, session: 45608403140646, seq: 95, expires_ms: 340567, command: Reverse }, order: 146, received_ms: 340442 })
RX src=Wifi session=45608403140646 seq=96 cmd=Forward rx_ms=340533 expires_ms=340622 order=147 depth=1 status=Queued
OUT at_ms=340548 depth=0 event=Apply(Entry { input: Input { source: Wifi, session: 45608403140646, seq: 96, expires_ms: 340622, command: Forward }, order: 147, received_ms: 340533 })
RX src=Wifi session=45608403140646 seq=97 cmd=Reverse rx_ms=340632 expires_ms=340713 order=148 depth=1 status=Queued
OUT at_ms=340633 depth=0 event=Apply(Entry { input: Input { source: Wifi, session: 45608403140646, seq: 97, expires_ms: 340713, command: Reverse }, order: 148, received_ms: 340632 })
RX src=Wifi session=45608403140646 seq=98 cmd=Forward rx_ms=340737 expires_ms=340827 order=149 depth=1 status=Queued
OUT at_ms=340741 depth=0 event=Apply(Entry { input: Input { source: Wifi, session: 45608403140646, seq: 98, expires_ms: 340827, command: Forward }, order: 149, received_ms: 340737 })
RX src=Wifi session=45608403140646 seq=99 cmd=Reverse rx_ms=340793 expires_ms=340917 order=150 depth=1 status=Queued
OUT at_ms=340804 depth=0 event=Apply(Entry { input: Input { source: Wifi, session: 45608403140646, seq: 99, expires_ms: 340917, command: Reverse }, order: 150, received_ms: 340793 })
RX src=Wifi session=45608403140646 seq=100 cmd=Forward rx_ms=340852 expires_ms=340977 order=151 depth=1 status=Queued
OUT at_ms=340869 depth=0 event=Apply(Entry { input: Input { source: Wifi, session: 45608403140646, seq: 100, expires_ms: 340977, command: Forward }, order: 151, received_ms: 340852 })
RX src=Wifi session=45608403140646 seq=101 cmd=Reverse rx_ms=340940 expires_ms=341032 order=152 depth=1 status=Queued
OUT at_ms=340955 depth=0 event=Apply(Entry { input: Input { source: Wifi, session: 45608403140646, seq: 101, expires_ms: 341032, command: Reverse }, order: 152, received_ms: 340940 })
RX src=Wifi session=45608403140646 seq=102 cmd=Forward rx_ms=341042 expires_ms=341123 order=153 depth=1 status=Queued
OUT at_ms=341061 depth=0 event=Apply(Entry { input: Input { source: Wifi, session: 45608403140646, seq: 102, expires_ms: 341123, command: Forward }, order: 153, received_ms: 341042 })
RX src=Wifi session=45608403140646 seq=103 cmd=Reverse rx_ms=341147 expires_ms=341224 order=154 depth=1 status=Queued
OUT at_ms=341148 depth=0 event=Apply(Entry { input: Input { source: Wifi, session: 45608403140646, seq: 103, expires_ms: 341224, command: Reverse }, order: 154, received_ms: 341147 })
RX src=Wifi session=45608403140646 seq=104 cmd=Forward rx_ms=341261 expires_ms=341342 order=155 depth=1 status=Queued
OUT at_ms=341274 depth=0 event=Apply(Entry { input: Input { source: Wifi, session: 45608403140646, seq: 104, expires_ms: 341342, command: Forward }, order: 155, received_ms: 341261 })
RX src=Wifi session=45608403140646 seq=105 cmd=Reverse rx_ms=341352 expires_ms=341441 order=156 depth=1 status=Queued
OUT at_ms=341360 depth=0 event=Apply(Entry { input: Input { source: Wifi, session: 45608403140646, seq: 105, expires_ms: 341441, command: Reverse }, order: 156, received_ms: 341352 })
RX src=Wifi session=45608403140646 seq=106 cmd=Forward rx_ms=341452 expires_ms=341532 order=157 depth=1 status=Queued
OUT at_ms=341468 depth=0 event=Apply(Entry { input: Input { source: Wifi, session: 45608403140646, seq: 106, expires_ms: 341532, command: Forward }, order: 157, received_ms: 341452 })
RX src=Wifi session=45608403140646 seq=107 cmd=Reverse rx_ms=341554 expires_ms=341633 order=158 depth=1 status=Queued
OUT at_ms=341555 depth=0 event=Apply(Entry { input: Input { source: Wifi, session: 45608403140646, seq: 107, expires_ms: 341633, command: Reverse }, order: 158, received_ms: 341554 })
RX src=Wifi session=45608403140646 seq=108 cmd=Forward rx_ms=341673 expires_ms=341749 order=159 depth=1 status=Queued
OUT at_ms=341680 depth=0 event=Apply(Entry { input: Input { source: Wifi, session: 45608403140646, seq: 108, expires_ms: 341749, command: Forward }, order: 159, received_ms: 341673 })
RX src=Wifi session=45608403140646 seq=109 cmd=Reverse rx_ms=341761 expires_ms=341854 order=160 depth=1 status=Queued
OUT at_ms=341769 depth=0 event=Apply(Entry { input: Input { source: Wifi, session: 45608403140646, seq: 109, expires_ms: 341854, command: Reverse }, order: 160, received_ms: 341761 })
RX src=Wifi session=45608403140646 seq=110 cmd=Forward rx_ms=341861 expires_ms=341942 order=161 depth=1 status=Queued
OUT at_ms=341878 depth=0 event=Apply(Entry { input: Input { source: Wifi, session: 45608403140646, seq: 110, expires_ms: 341942, command: Forward }, order: 161, received_ms: 341861 })
RX src=Wifi session=45608403140646 seq=111 cmd=Reverse rx_ms=341966 expires_ms=342043 order=162 depth=1 status=Queued
OUT at_ms=341983 depth=0 event=Apply(Entry { input: Input { source: Wifi, session: 45608403140646, seq: 111, expires_ms: 342043, command: Reverse }, order: 162, received_ms: 341966 })
RX src=Wifi session=45608403140646 seq=112 cmd=Forward rx_ms=342022 expires_ms=342147 order=163 depth=1 status=Queued
OUT at_ms=342030 depth=0 event=Apply(Entry { input: Input { source: Wifi, session: 45608403140646, seq: 112, expires_ms: 342147, command: Forward }, order: 163, received_ms: 342022 })
RX src=Wifi session=45608403140646 seq=113 cmd=Reverse rx_ms=342080 expires_ms=342205 order=164 depth=1 status=Queued
OUT at_ms=342098 depth=0 event=Apply(Entry { input: Input { source: Wifi, session: 45608403140646, seq: 113, expires_ms: 342205, command: Reverse }, order: 164, received_ms: 342080 })
RX src=Wifi session=45608403140646 seq=114 cmd=Forward rx_ms=342171 expires_ms=342260 order=165 depth=1 status=Queued
OUT at_ms=342184 depth=0 event=Apply(Entry { input: Input { source: Wifi, session: 45608403140646, seq: 114, expires_ms: 342260, command: Forward }, order: 165, received_ms: 342171 })
RX src=Wifi session=45608403140646 seq=115 cmd=Reverse rx_ms=342271 expires_ms=342351 order=166 depth=1 status=Queued
OUT at_ms=342290 depth=0 event=Apply(Entry { input: Input { source: Wifi, session: 45608403140646, seq: 115, expires_ms: 342351, command: Reverse }, order: 166, received_ms: 342271 })
RX src=Wifi session=45608403140646 seq=116 cmd=Forward rx_ms=342376 expires_ms=342453 order=167 depth=1 status=Queued
OUT at_ms=342377 depth=0 event=Apply(Entry { input: Input { source: Wifi, session: 45608403140646, seq: 116, expires_ms: 342453, command: Forward }, order: 167, received_ms: 342376 })
RX src=Wifi session=45608403140646 seq=117 cmd=Reverse rx_ms=342492 expires_ms=342571 order=168 depth=1 status=Queued
OUT at_ms=342503 depth=0 event=Apply(Entry { input: Input { source: Wifi, session: 45608403140646, seq: 117, expires_ms: 342571, command: Reverse }, order: 168, received_ms: 342492 })
RX src=Wifi session=45608403140646 seq=118 cmd=Forward rx_ms=342581 expires_ms=342673 order=169 depth=1 status=Queued
OUT at_ms=342588 depth=0 event=Apply(Entry { input: Input { source: Wifi, session: 45608403140646, seq: 118, expires_ms: 342673, command: Forward }, order: 169, received_ms: 342581 })
RX src=Wifi session=45608403140646 seq=119 cmd=Reverse rx_ms=342680 expires_ms=342761 order=170 depth=1 status=Queued
OUT at_ms=342697 depth=0 event=Apply(Entry { input: Input { source: Wifi, session: 45608403140646, seq: 119, expires_ms: 342761, command: Reverse }, order: 170, received_ms: 342680 })
RX src=Wifi session=45608403140646 seq=120 cmd=Forward rx_ms=342786 expires_ms=342862 order=171 depth=1 status=Queued
OUT at_ms=342803 depth=0 event=Apply(Entry { input: Input { source: Wifi, session: 45608403140646, seq: 120, expires_ms: 342862, command: Forward }, order: 171, received_ms: 342786 })
RX src=Wifi session=45608403140646 seq=121 cmd=Reverse rx_ms=342843 expires_ms=342966 order=172 depth=1 status=Queued
OUT at_ms=342848 depth=0 event=Apply(Entry { input: Input { source: Wifi, session: 45608403140646, seq: 121, expires_ms: 342966, command: Reverse }, order: 172, received_ms: 342843 })
RX src=Wifi session=45608403140646 seq=122 cmd=Forward rx_ms=342900 expires_ms=343024 order=173 depth=1 status=Queued
OUT at_ms=342910 depth=0 event=Apply(Entry { input: Input { source: Wifi, session: 45608403140646, seq: 122, expires_ms: 343024, command: Forward }, order: 173, received_ms: 342900 })
RX src=Wifi session=45608403140646 seq=123 cmd=Reverse rx_ms=342990 expires_ms=343080 order=174 depth=1 status=Queued
OUT at_ms=342996 depth=0 event=Apply(Entry { input: Input { source: Wifi, session: 45608403140646, seq: 123, expires_ms: 343080, command: Reverse }, order: 174, received_ms: 342990 })
RX src=Wifi session=45608403140646 seq=124 cmd=Forward rx_ms=343092 expires_ms=343171 order=175 depth=1 status=Queued
OUT at_ms=343107 depth=0 event=Apply(Entry { input: Input { source: Wifi, session: 45608403140646, seq: 124, expires_ms: 343171, command: Forward }, order: 175, received_ms: 343092 })
RX src=Wifi session=45608403140646 seq=125 cmd=Reverse rx_ms=343195 expires_ms=343272 order=176 depth=1 status=Queued
OUT at_ms=343212 depth=0 event=Apply(Entry { input: Input { source: Wifi, session: 45608403140646, seq: 125, expires_ms: 343272, command: Reverse }, order: 176, received_ms: 343195 })
RX src=Wifi session=45608403140646 seq=126 cmd=Forward rx_ms=343251 expires_ms=343375 order=177 depth=1 status=Queued
OUT at_ms=343258 depth=0 event=Apply(Entry { input: Input { source: Wifi, session: 45608403140646, seq: 126, expires_ms: 343375, command: Forward }, order: 177, received_ms: 343251 })
RX src=Wifi session=45608403140646 seq=127 cmd=Reverse rx_ms=343309 expires_ms=343434 order=178 depth=1 status=Queued
OUT at_ms=343327 depth=0 event=Apply(Entry { input: Input { source: Wifi, session: 45608403140646, seq: 127, expires_ms: 343434, command: Reverse }, order: 178, received_ms: 343309 })
RX src=Wifi session=45608403140646 seq=128 cmd=Forward rx_ms=343400 expires_ms=343489 order=179 depth=1 status=Queued
OUT at_ms=343413 depth=0 event=Apply(Entry { input: Input { source: Wifi, session: 45608403140646, seq: 128, expires_ms: 343489, command: Forward }, order: 179, received_ms: 343400 })
RX src=Wifi session=45608403140646 seq=129 cmd=Reverse rx_ms=343500 expires_ms=343580 order=180 depth=1 status=Queued
OUT at_ms=343519 depth=0 event=Apply(Entry { input: Input { source: Wifi, session: 45608403140646, seq: 129, expires_ms: 343580, command: Reverse }, order: 180, received_ms: 343500 })
RX src=Wifi session=45608403140646 seq=130 cmd=Forward rx_ms=343604 expires_ms=343695 order=181 depth=1 status=Queued
OUT at_ms=343607 depth=0 event=Apply(Entry { input: Input { source: Wifi, session: 45608403140646, seq: 130, expires_ms: 343695, command: Forward }, order: 181, received_ms: 343604 })
RX src=Wifi session=45608403140646 seq=131 cmd=Reverse rx_ms=343660 expires_ms=343785 order=182 depth=1 status=Queued
OUT at_ms=343671 depth=0 event=Apply(Entry { input: Input { source: Wifi, session: 45608403140646, seq: 131, expires_ms: 343785, command: Reverse }, order: 182, received_ms: 343660 })
RX src=Wifi session=45608403140646 seq=132 cmd=Forward rx_ms=343719 expires_ms=343844 order=183 depth=1 status=Queued
OUT at_ms=343737 depth=0 event=Apply(Entry { input: Input { source: Wifi, session: 45608403140646, seq: 132, expires_ms: 343844, command: Forward }, order: 183, received_ms: 343719 })
RX src=Wifi session=45608403140646 seq=133 cmd=Reverse rx_ms=343809 expires_ms=343905 order=184 depth=1 status=Queued
OUT at_ms=343823 depth=0 event=Apply(Entry { input: Input { source: Wifi, session: 45608403140646, seq: 133, expires_ms: 343905, command: Reverse }, order: 184, received_ms: 343809 })
RX src=Wifi session=45608403140646 seq=134 cmd=Forward rx_ms=343910 expires_ms=343995 order=185 depth=1 status=Queued
OUT at_ms=343929 depth=0 event=Apply(Entry { input: Input { source: Wifi, session: 45608403140646, seq: 134, expires_ms: 343995, command: Forward }, order: 185, received_ms: 343910 })
RX src=Wifi session=45608403140646 seq=135 cmd=Reverse rx_ms=344014 expires_ms=344093 order=186 depth=1 status=Queued
OUT at_ms=344017 depth=0 event=Apply(Entry { input: Input { source: Wifi, session: 45608403140646, seq: 135, expires_ms: 344093, command: Reverse }, order: 186, received_ms: 344014 })
RX src=Wifi session=45608403140646 seq=136 cmd=Forward rx_ms=344129 expires_ms=344207 order=187 depth=1 status=Queued
OUT at_ms=344142 depth=0 event=Apply(Entry { input: Input { source: Wifi, session: 45608403140646, seq: 136, expires_ms: 344207, command: Forward }, order: 187, received_ms: 344129 })
RX src=Wifi session=45608403140646 seq=137 cmd=Reverse rx_ms=344220 expires_ms=344310 order=188 depth=1 status=Queued
OUT at_ms=344227 depth=0 event=Apply(Entry { input: Input { source: Wifi, session: 45608403140646, seq: 137, expires_ms: 344310, command: Reverse }, order: 188, received_ms: 344220 })
RX src=Wifi session=45608403140646 seq=138 cmd=Forward rx_ms=344319 expires_ms=344402 order=189 depth=1 status=Queued
OUT at_ms=344336 depth=0 event=Apply(Entry { input: Input { source: Wifi, session: 45608403140646, seq: 138, expires_ms: 344402, command: Forward }, order: 189, received_ms: 344319 })
RX src=Wifi session=45608403140646 seq=139 cmd=Reverse rx_ms=344425 expires_ms=344501 order=190 depth=1 status=Queued
OUT at_ms=344442 depth=0 event=Apply(Entry { input: Input { source: Wifi, session: 45608403140646, seq: 139, expires_ms: 344501, command: Reverse }, order: 190, received_ms: 344425 })
RX src=Wifi session=45608403140646 seq=140 cmd=Forward rx_ms=344480 expires_ms=344605 order=191 depth=1 status=Queued
OUT at_ms=344488 depth=0 event=Apply(Entry { input: Input { source: Wifi, session: 45608403140646, seq: 140, expires_ms: 344605, command: Forward }, order: 191, received_ms: 344480 })
RX src=Wifi session=45608403140646 seq=141 cmd=Reverse rx_ms=344538 expires_ms=344663 order=192 depth=1 status=Queued
OUT at_ms=344556 depth=0 event=Apply(Entry { input: Input { source: Wifi, session: 45608403140646, seq: 141, expires_ms: 344663, command: Reverse }, order: 192, received_ms: 344538 })
RX src=Wifi session=45608403140646 seq=142 cmd=Forward rx_ms=344634 expires_ms=344718 order=193 depth=1 status=Queued
OUT at_ms=344642 depth=0 event=Apply(Entry { input: Input { source: Wifi, session: 45608403140646, seq: 142, expires_ms: 344718, command: Forward }, order: 193, received_ms: 344634 })
RX src=Wifi session=45608403140646 seq=143 cmd=Reverse rx_ms=344729 expires_ms=344814 order=194 depth=1 status=Queued
OUT at_ms=344730 depth=0 event=Apply(Entry { input: Input { source: Wifi, session: 45608403140646, seq: 143, expires_ms: 344814, command: Reverse }, order: 194, received_ms: 344729 })
RX src=Wifi session=45608403140646 seq=144 cmd=Forward rx_ms=344834 expires_ms=344923 order=195 depth=1 status=Queued
OUT at_ms=344837 depth=0 event=Apply(Entry { input: Input { source: Wifi, session: 45608403140646, seq: 144, expires_ms: 344923, command: Forward }, order: 195, received_ms: 344834 })
RX src=Wifi session=45608403140646 seq=145 cmd=Reverse rx_ms=344890 expires_ms=345014 order=196 depth=1 status=Queued
OUT at_ms=344901 depth=0 event=Apply(Entry { input: Input { source: Wifi, session: 45608403140646, seq: 145, expires_ms: 345014, command: Reverse }, order: 196, received_ms: 344890 })
RX src=Wifi session=45608403140646 seq=146 cmd=Forward rx_ms=344948 expires_ms=345073 order=197 depth=1 status=Queued
OUT at_ms=344966 depth=0 event=Apply(Entry { input: Input { source: Wifi, session: 45608403140646, seq: 146, expires_ms: 345073, command: Forward }, order: 197, received_ms: 344948 })
RX src=Wifi session=45608403140646 seq=147 cmd=Reverse rx_ms=345038 expires_ms=345128 order=198 depth=1 status=Queued
OUT at_ms=345052 depth=0 event=Apply(Entry { input: Input { source: Wifi, session: 45608403140646, seq: 147, expires_ms: 345128, command: Reverse }, order: 198, received_ms: 345038 })
RX src=Wifi session=45608403140646 seq=148 cmd=Forward rx_ms=345138 expires_ms=345220 order=199 depth=1 status=Queued
OUT at_ms=345139 depth=0 event=Apply(Entry { input: Input { source: Wifi, session: 45608403140646, seq: 148, expires_ms: 345220, command: Forward }, order: 199, received_ms: 345138 })
RX src=Wifi session=45608403140646 seq=149 cmd=Reverse rx_ms=345242 expires_ms=345333 order=200 depth=1 status=Queued
OUT at_ms=345245 depth=0 event=Apply(Entry { input: Input { source: Wifi, session: 45608403140646, seq: 149, expires_ms: 345333, command: Reverse }, order: 200, received_ms: 345242 })
RX src=Wifi session=45608403140646 seq=150 cmd=Forward rx_ms=345299 expires_ms=345422 order=201 depth=1 status=Queued
OUT at_ms=345308 depth=0 event=Apply(Entry { input: Input { source: Wifi, session: 45608403140646, seq: 150, expires_ms: 345422, command: Forward }, order: 201, received_ms: 345299 })
RX src=Wifi session=45608403140646 seq=151 cmd=Reverse rx_ms=345358 expires_ms=345480 order=202 depth=1 status=Queued
OUT at_ms=345375 depth=0 event=Apply(Entry { input: Input { source: Wifi, session: 45608403140646, seq: 151, expires_ms: 345480, command: Reverse }, order: 202, received_ms: 345358 })
RX src=Wifi session=45608403140646 seq=152 cmd=Forward rx_ms=345448 expires_ms=345538 order=203 depth=1 status=Queued
OUT at_ms=345461 depth=0 event=Apply(Entry { input: Input { source: Wifi, session: 45608403140646, seq: 152, expires_ms: 345538, command: Forward }, order: 203, received_ms: 345448 })
RX src=Wifi session=45608403140646 seq=153 cmd=Reverse rx_ms=345548 expires_ms=345628 order=204 depth=1 status=Queued
OUT at_ms=345567 depth=0 event=Apply(Entry { input: Input { source: Wifi, session: 45608403140646, seq: 153, expires_ms: 345628, command: Reverse }, order: 204, received_ms: 345548 })
RX src=Wifi session=45608403140646 seq=154 cmd=Forward rx_ms=345653 expires_ms=345729 order=205 depth=1 status=Queued
OUT at_ms=345654 depth=0 event=Apply(Entry { input: Input { source: Wifi, session: 45608403140646, seq: 154, expires_ms: 345729, command: Forward }, order: 205, received_ms: 345653 })
RX src=Wifi session=45608403140646 seq=155 cmd=Reverse rx_ms=345767 expires_ms=345847 order=206 depth=1 status=Queued
OUT at_ms=345780 depth=0 event=Apply(Entry { input: Input { source: Wifi, session: 45608403140646, seq: 155, expires_ms: 345847, command: Reverse }, order: 206, received_ms: 345767 })
RX src=Wifi session=45608403140646 seq=156 cmd=Forward rx_ms=345855 expires_ms=345947 order=207 depth=1 status=Queued
OUT at_ms=345868 depth=0 event=Apply(Entry { input: Input { source: Wifi, session: 45608403140646, seq: 156, expires_ms: 345947, command: Forward }, order: 207, received_ms: 345855 })
RX src=Wifi session=45608403140646 seq=157 cmd=Reverse rx_ms=345957 expires_ms=346036 order=208 depth=1 status=Queued
OUT at_ms=345974 depth=0 event=Apply(Entry { input: Input { source: Wifi, session: 45608403140646, seq: 157, expires_ms: 346036, command: Reverse }, order: 208, received_ms: 345957 })
RX src=Wifi session=45608403140646 seq=158 cmd=Forward rx_ms=346062 expires_ms=346139 order=209 depth=1 status=Queued
OUT at_ms=346080 depth=0 event=Apply(Entry { input: Input { source: Wifi, session: 45608403140646, seq: 158, expires_ms: 346139, command: Forward }, order: 209, received_ms: 346062 })
RX src=Wifi session=45608403140646 seq=159 cmd=Reverse rx_ms=346122 expires_ms=346243 order=210 depth=1 status=Queued
OUT at_ms=346126 depth=0 event=Apply(Entry { input: Input { source: Wifi, session: 45608403140646, seq: 159, expires_ms: 346243, command: Reverse }, order: 210, received_ms: 346122 })
RX src=Wifi session=45608403140646 seq=160 cmd=Forward rx_ms=346177 expires_ms=346303 order=211 depth=1 status=Queued
OUT at_ms=346190 depth=0 event=Apply(Entry { input: Input { source: Wifi, session: 45608403140646, seq: 160, expires_ms: 346303, command: Forward }, order: 211, received_ms: 346177 })
RX src=Wifi session=45608403140646 seq=161 cmd=Reverse rx_ms=346265 expires_ms=346357 order=212 depth=1 status=Queued
OUT at_ms=346276 depth=0 event=Apply(Entry { input: Input { source: Wifi, session: 45608403140646, seq: 161, expires_ms: 346357, command: Reverse }, order: 212, received_ms: 346265 })
RX src=Wifi session=45608403140646 seq=162 cmd=Forward rx_ms=346367 expires_ms=346446 order=213 depth=1 status=Queued
OUT at_ms=346381 depth=0 event=Apply(Entry { input: Input { source: Wifi, session: 45608403140646, seq: 162, expires_ms: 346446, command: Forward }, order: 213, received_ms: 346367 })
RX src=Wifi session=45608403140646 seq=163 cmd=Reverse rx_ms=346472 expires_ms=346549 order=214 depth=1 status=Queued
OUT at_ms=346487 depth=0 event=Apply(Entry { input: Input { source: Wifi, session: 45608403140646, seq: 163, expires_ms: 346549, command: Reverse }, order: 214, received_ms: 346472 })
RX src=Wifi session=45608403140646 seq=164 cmd=Forward rx_ms=346529 expires_ms=346652 order=215 depth=1 status=Queued
OUT at_ms=346532 depth=0 event=Apply(Entry { input: Input { source: Wifi, session: 45608403140646, seq: 164, expires_ms: 346652, command: Forward }, order: 215, received_ms: 346529 })
RX src=Wifi session=45608403140646 seq=165 cmd=Reverse rx_ms=346588 expires_ms=346713 order=216 depth=1 status=Queued
OUT at_ms=346595 depth=0 event=Apply(Entry { input: Input { source: Wifi, session: 45608403140646, seq: 165, expires_ms: 346713, command: Reverse }, order: 216, received_ms: 346588 })
RX src=Wifi session=45608403140646 seq=166 cmd=Forward rx_ms=346675 expires_ms=346768 order=217 depth=1 status=Queued
OUT at_ms=346684 depth=0 event=Apply(Entry { input: Input { source: Wifi, session: 45608403140646, seq: 166, expires_ms: 346768, command: Forward }, order: 217, received_ms: 346675 })
RX src=Wifi session=45608403140646 seq=167 cmd=Reverse rx_ms=346777 expires_ms=346856 order=218 depth=1 status=Queued
OUT at_ms=346791 depth=0 event=Apply(Entry { input: Input { source: Wifi, session: 45608403140646, seq: 167, expires_ms: 346856, command: Reverse }, order: 218, received_ms: 346777 })
RX src=Wifi session=45608403140646 seq=168 cmd=Forward rx_ms=346881 expires_ms=346958 order=219 depth=1 status=Queued
OUT at_ms=346897 depth=0 event=Apply(Entry { input: Input { source: Wifi, session: 45608403140646, seq: 168, expires_ms: 346958, command: Forward }, order: 219, received_ms: 346881 })
RX src=Wifi session=45608403140646 seq=169 cmd=Reverse rx_ms=346938 expires_ms=347062 order=220 depth=1 status=Queued
OUT at_ms=346942 depth=0 event=Apply(Entry { input: Input { source: Wifi, session: 45608403140646, seq: 169, expires_ms: 347062, command: Reverse }, order: 220, received_ms: 346938 })
RX src=Wifi session=45608403140646 seq=170 cmd=Forward rx_ms=346996 expires_ms=347119 order=221 depth=1 status=Queued
OUT at_ms=347004 depth=0 event=Apply(Entry { input: Input { source: Wifi, session: 45608403140646, seq: 170, expires_ms: 347119, command: Forward }, order: 221, received_ms: 346996 })
RX src=Wifi session=45608403140646 seq=171 cmd=Reverse rx_ms=347086 expires_ms=347176 order=222 depth=1 status=Queued
OUT at_ms=347091 depth=0 event=Apply(Entry { input: Input { source: Wifi, session: 45608403140646, seq: 171, expires_ms: 347176, command: Reverse }, order: 222, received_ms: 347086 })
RX src=Wifi session=45608403140646 seq=172 cmd=Forward rx_ms=347186 expires_ms=347267 order=223 depth=1 status=Queued
OUT at_ms=347192 depth=0 event=Apply(Entry { input: Input { source: Wifi, session: 45608403140646, seq: 172, expires_ms: 347267, command: Forward }, order: 223, received_ms: 347186 })
RX src=Wifi session=45608403140646 seq=173 cmd=Reverse rx_ms=347291 expires_ms=347368 order=224 depth=1 status=Queued
OUT at_ms=347292 depth=0 event=Apply(Entry { input: Input { source: Wifi, session: 45608403140646, seq: 173, expires_ms: 347368, command: Reverse }, order: 224, received_ms: 347291 })
RX src=Wifi session=45608403140646 seq=174 cmd=Forward rx_ms=347406 expires_ms=347486 order=225 depth=1 status=Queued
OUT at_ms=347419 depth=0 event=Apply(Entry { input: Input { source: Wifi, session: 45608403140646, seq: 174, expires_ms: 347486, command: Forward }, order: 225, received_ms: 347406 })
RX src=Wifi session=45608403140646 seq=175 cmd=Reverse rx_ms=347504 expires_ms=347586 order=226 depth=1 status=Queued
OUT at_ms=347507 depth=0 event=Apply(Entry { input: Input { source: Wifi, session: 45608403140646, seq: 175, expires_ms: 347586, command: Reverse }, order: 226, received_ms: 347504 })
RX src=Wifi session=45608403140646 seq=176 cmd=Forward rx_ms=347598 expires_ms=347684 order=227 depth=1 status=Queued
OUT at_ms=347611 depth=0 event=Apply(Entry { input: Input { source: Wifi, session: 45608403140646, seq: 176, expires_ms: 347684, command: Forward }, order: 227, received_ms: 347598 })
RX src=Wifi session=45608403140646 seq=177 cmd=Reverse rx_ms=347701 expires_ms=347778 order=228 depth=1 status=Queued
OUT at_ms=347717 depth=0 event=Apply(Entry { input: Input { source: Wifi, session: 45608403140646, seq: 177, expires_ms: 347778, command: Reverse }, order: 228, received_ms: 347701 })
RX src=Wifi session=45608403140646 seq=178 cmd=Forward rx_ms=347757 expires_ms=347881 order=229 depth=1 status=Queued
OUT at_ms=347763 depth=0 event=Apply(Entry { input: Input { source: Wifi, session: 45608403140646, seq: 178, expires_ms: 347881, command: Forward }, order: 229, received_ms: 347757 })
RX src=Wifi session=45608403140646 seq=179 cmd=Reverse rx_ms=347815 expires_ms=347940 order=230 depth=1 status=Queued
OUT at_ms=347823 depth=0 event=Apply(Entry { input: Input { source: Wifi, session: 45608403140646, seq: 179, expires_ms: 347940, command: Reverse }, order: 230, received_ms: 347815 })
RX src=Wifi session=45608403140646 seq=180 cmd=Forward rx_ms=347905 expires_ms=347995 order=231 depth=1 status=Queued
OUT at_ms=347911 depth=0 event=Apply(Entry { input: Input { source: Wifi, session: 45608403140646, seq: 180, expires_ms: 347995, command: Forward }, order: 231, received_ms: 347905 })
RX src=Wifi session=45608403140646 seq=181 cmd=Reverse rx_ms=348005 expires_ms=348086 order=232 depth=1 status=Queued
OUT at_ms=348012 depth=0 event=Apply(Entry { input: Input { source: Wifi, session: 45608403140646, seq: 181, expires_ms: 348086, command: Reverse }, order: 232, received_ms: 348005 })
RX src=Wifi session=45608403140646 seq=182 cmd=Forward rx_ms=348110 expires_ms=348187 order=233 depth=1 status=Queued
OUT at_ms=348124 depth=0 event=Apply(Entry { input: Input { source: Wifi, session: 45608403140646, seq: 182, expires_ms: 348187, command: Forward }, order: 233, received_ms: 348110 })
RX src=Wifi session=45608403140646 seq=183 cmd=Reverse rx_ms=348166 expires_ms=348290 order=234 depth=1 status=Queued
OUT at_ms=348169 depth=0 event=Apply(Entry { input: Input { source: Wifi, session: 45608403140646, seq: 183, expires_ms: 348290, command: Reverse }, order: 234, received_ms: 348166 })
RX src=Wifi session=45608403140646 seq=184 cmd=Forward rx_ms=348225 expires_ms=348349 order=235 depth=1 status=Queued
OUT at_ms=348232 depth=0 event=Apply(Entry { input: Input { source: Wifi, session: 45608403140646, seq: 184, expires_ms: 348349, command: Forward }, order: 235, received_ms: 348225 })
RX src=Wifi session=45608403140646 seq=185 cmd=Reverse rx_ms=348315 expires_ms=348405 order=236 depth=1 status=Queued
OUT at_ms=348320 depth=0 event=Apply(Entry { input: Input { source: Wifi, session: 45608403140646, seq: 185, expires_ms: 348405, command: Reverse }, order: 236, received_ms: 348315 })
RX src=Wifi session=45608403140646 seq=186 cmd=Forward rx_ms=348415 expires_ms=348496 order=237 depth=1 status=Queued
OUT at_ms=348421 depth=0 event=Apply(Entry { input: Input { source: Wifi, session: 45608403140646, seq: 186, expires_ms: 348496, command: Forward }, order: 237, received_ms: 348415 })
RX src=Wifi session=45608403140646 seq=187 cmd=Reverse rx_ms=348518 expires_ms=348597 order=238 depth=1 status=Queued
OUT at_ms=348521 depth=0 event=Apply(Entry { input: Input { source: Wifi, session: 45608403140646, seq: 187, expires_ms: 348597, command: Reverse }, order: 238, received_ms: 348518 })
RX src=Wifi session=45608403140646 seq=188 cmd=Forward rx_ms=348575 expires_ms=348699 order=239 depth=1 status=Queued
OUT at_ms=348586 depth=0 event=Apply(Entry { input: Input { source: Wifi, session: 45608403140646, seq: 188, expires_ms: 348699, command: Forward }, order: 239, received_ms: 348575 })
RX src=Wifi session=45608403140646 seq=189 cmd=Reverse rx_ms=348634 expires_ms=348755 order=240 depth=1 status=Queued
OUT at_ms=348652 depth=0 event=Apply(Entry { input: Input { source: Wifi, session: 45608403140646, seq: 189, expires_ms: 348755, command: Reverse }, order: 240, received_ms: 348634 })
RX src=Wifi session=45608403140646 seq=190 cmd=Forward rx_ms=348725 expires_ms=348815 order=241 depth=1 status=Queued
OUT at_ms=348738 depth=0 event=Apply(Entry { input: Input { source: Wifi, session: 45608403140646, seq: 190, expires_ms: 348815, command: Forward }, order: 241, received_ms: 348725 })
RX src=Wifi session=45608403140646 seq=191 cmd=Reverse rx_ms=348825 expires_ms=348905 order=242 depth=1 status=Queued
OUT at_ms=348844 depth=0 event=Apply(Entry { input: Input { source: Wifi, session: 45608403140646, seq: 191, expires_ms: 348905, command: Reverse }, order: 242, received_ms: 348825 })
RX src=Wifi session=45608403140646 seq=192 cmd=Forward rx_ms=348930 expires_ms=349006 order=243 depth=1 status=Queued
OUT at_ms=348930 depth=0 event=Apply(Entry { input: Input { source: Wifi, session: 45608403140646, seq: 192, expires_ms: 349006, command: Forward }, order: 243, received_ms: 348930 })
RX src=Wifi session=45608403140646 seq=193 cmd=Reverse rx_ms=349044 expires_ms=349125 order=244 depth=1 status=Queued
OUT at_ms=349057 depth=0 event=Apply(Entry { input: Input { source: Wifi, session: 45608403140646, seq: 193, expires_ms: 349125, command: Reverse }, order: 244, received_ms: 349044 })
RX src=Wifi session=45608403140646 seq=194 cmd=Forward rx_ms=349132 expires_ms=349225 order=245 depth=1 status=Queued
OUT at_ms=349143 depth=0 event=Apply(Entry { input: Input { source: Wifi, session: 45608403140646, seq: 194, expires_ms: 349225, command: Forward }, order: 245, received_ms: 349132 })
RX src=Wifi session=45608403140646 seq=195 cmd=Reverse rx_ms=349235 expires_ms=349314 order=246 depth=1 status=Queued
OUT at_ms=349249 depth=0 event=Apply(Entry { input: Input { source: Wifi, session: 45608403140646, seq: 195, expires_ms: 349314, command: Reverse }, order: 246, received_ms: 349235 })
RX src=Wifi session=45608403140646 seq=196 cmd=Forward rx_ms=349339 expires_ms=349416 order=247 depth=1 status=Queued
OUT at_ms=349355 depth=0 event=Apply(Entry { input: Input { source: Wifi, session: 45608403140646, seq: 196, expires_ms: 349416, command: Forward }, order: 247, received_ms: 349339 })
RX src=Wifi session=45608403140646 seq=197 cmd=Reverse rx_ms=349397 expires_ms=349519 order=248 depth=1 status=Queued
OUT at_ms=349401 depth=0 event=Apply(Entry { input: Input { source: Wifi, session: 45608403140646, seq: 197, expires_ms: 349519, command: Reverse }, order: 248, received_ms: 349397 })
RX src=Wifi session=45608403140646 seq=198 cmd=Forward rx_ms=349453 expires_ms=349578 order=249 depth=1 status=Queued
OUT at_ms=349464 depth=0 event=Apply(Entry { input: Input { source: Wifi, session: 45608403140646, seq: 198, expires_ms: 349578, command: Forward }, order: 249, received_ms: 349453 })
RX src=Wifi session=45608403140646 seq=199 cmd=Reverse rx_ms=349544 expires_ms=349634 order=250 depth=1 status=Queued
OUT at_ms=349551 depth=0 event=Apply(Entry { input: Input { source: Wifi, session: 45608403140646, seq: 199, expires_ms: 349634, command: Reverse }, order: 250, received_ms: 349544 })
RX src=Wifi session=45608403140646 seq=200 cmd=Forward rx_ms=349644 expires_ms=349724 order=251 depth=1 status=Queued
OUT at_ms=349660 depth=0 event=Apply(Entry { input: Input { source: Wifi, session: 45608403140646, seq: 200, expires_ms: 349724, command: Forward }, order: 251, received_ms: 349644 })
RX src=Wifi session=45608403140646 seq=201 cmd=Reverse rx_ms=349749 expires_ms=349826 order=252 depth=1 status=Queued
OUT at_ms=349766 depth=0 event=Apply(Entry { input: Input { source: Wifi, session: 45608403140646, seq: 201, expires_ms: 349826, command: Reverse }, order: 252, received_ms: 349749 })
DISCONNECT src=Wifi session=45608403140646 at_ms=349805
OUT at_ms=349811 depth=0 event=Safety { reason: Disconnect(Wifi), at_ms: 349805, purged: 0, entry: None }
CONNECT src=Wifi session=45608403140647 at_ms=356346
RX src=Wifi session=45608403140647 seq=1 cmd=Ping rx_ms=356351 expires_ms=356472 order=253 depth=0 status=Ping
RX src=Wifi session=45608403140647 seq=2 cmd=Forward rx_ms=356402 expires_ms=356480 order=254 depth=1 status=Queued
OUT at_ms=356409 depth=0 event=Apply(Entry { input: Input { source: Wifi, session: 45608403140647, seq: 2, expires_ms: 356480, command: Forward }, order: 254, received_ms: 356402 })
RX src=Wifi session=45608403140647 seq=3 cmd=Reverse rx_ms=356507 expires_ms=356583 order=255 depth=1 status=Queued
OUT at_ms=356518 depth=0 event=Apply(Entry { input: Input { source: Wifi, session: 45608403140647, seq: 3, expires_ms: 356583, command: Reverse }, order: 255, received_ms: 356507 })
RX src=Wifi session=45608403140647 seq=4 cmd=Forward rx_ms=356563 expires_ms=356687 order=256 depth=1 status=Queued
OUT at_ms=356564 depth=0 event=Apply(Entry { input: Input { source: Wifi, session: 45608403140647, seq: 4, expires_ms: 356687, command: Forward }, order: 256, received_ms: 356563 })
RX src=Wifi session=45608403140647 seq=5 cmd=Reverse rx_ms=356712 expires_ms=356798 order=257 depth=1 status=Queued
OUT at_ms=356729 depth=0 event=Apply(Entry { input: Input { source: Wifi, session: 45608403140647, seq: 5, expires_ms: 356798, command: Reverse }, order: 257, received_ms: 356712 })
RX src=Wifi session=45608403140647 seq=6 cmd=Forward rx_ms=356814 expires_ms=356891 order=258 depth=1 status=Queued
OUT at_ms=356815 depth=0 event=Apply(Entry { input: Input { source: Wifi, session: 45608403140647, seq: 6, expires_ms: 356891, command: Forward }, order: 258, received_ms: 356814 })
RX src=Wifi session=45608403140647 seq=7 cmd=Reverse rx_ms=356916 expires_ms=357009 order=259 depth=1 status=Queued
OUT at_ms=356920 depth=0 event=Apply(Entry { input: Input { source: Wifi, session: 45608403140647, seq: 7, expires_ms: 357009, command: Reverse }, order: 259, received_ms: 356916 })
RX src=Wifi session=45608403140647 seq=8 cmd=Forward rx_ms=356973 expires_ms=357096 order=260 depth=1 status=Queued
OUT at_ms=356984 depth=0 event=Apply(Entry { input: Input { source: Wifi, session: 45608403140647, seq: 8, expires_ms: 357096, command: Forward }, order: 260, received_ms: 356973 })
RX src=Wifi session=45608403140647 seq=9 cmd=Reverse rx_ms=357031 expires_ms=357155 order=261 depth=1 status=Queued
OUT at_ms=357049 depth=0 event=Apply(Entry { input: Input { source: Wifi, session: 45608403140647, seq: 9, expires_ms: 357155, command: Reverse }, order: 261, received_ms: 357031 })
RX src=Wifi session=45608403140647 seq=10 cmd=Forward rx_ms=357121 expires_ms=357210 order=262 depth=1 status=Queued
OUT at_ms=357135 depth=0 event=Apply(Entry { input: Input { source: Wifi, session: 45608403140647, seq: 10, expires_ms: 357210, command: Forward }, order: 262, received_ms: 357121 })
RX src=Wifi session=45608403140647 seq=11 cmd=Reverse rx_ms=357222 expires_ms=357301 order=263 depth=1 status=Queued
OUT at_ms=357241 depth=0 event=Apply(Entry { input: Input { source: Wifi, session: 45608403140647, seq: 11, expires_ms: 357301, command: Reverse }, order: 263, received_ms: 357222 })
RX src=Wifi session=45608403140647 seq=12 cmd=Forward rx_ms=357326 expires_ms=357402 order=264 depth=1 status=Queued
OUT at_ms=357327 depth=0 event=Apply(Entry { input: Input { source: Wifi, session: 45608403140647, seq: 12, expires_ms: 357402, command: Forward }, order: 264, received_ms: 357326 })
RX src=Wifi session=45608403140647 seq=13 cmd=Reverse rx_ms=357440 expires_ms=357521 order=265 depth=1 status=Queued
OUT at_ms=357454 depth=0 event=Apply(Entry { input: Input { source: Wifi, session: 45608403140647, seq: 13, expires_ms: 357521, command: Reverse }, order: 265, received_ms: 357440 })
RX src=Wifi session=45608403140647 seq=14 cmd=Forward rx_ms=357531 expires_ms=357620 order=266 depth=1 status=Queued
OUT at_ms=357539 depth=0 event=Apply(Entry { input: Input { source: Wifi, session: 45608403140647, seq: 14, expires_ms: 357620, command: Forward }, order: 266, received_ms: 357531 })
RX src=Wifi session=45608403140647 seq=15 cmd=Reverse rx_ms=357631 expires_ms=357711 order=267 depth=1 status=Queued
OUT at_ms=357647 depth=0 event=Apply(Entry { input: Input { source: Wifi, session: 45608403140647, seq: 15, expires_ms: 357711, command: Reverse }, order: 267, received_ms: 357631 })
RX src=Wifi session=45608403140647 seq=16 cmd=Forward rx_ms=357736 expires_ms=357812 order=268 depth=1 status=Queued
OUT at_ms=357753 depth=0 event=Apply(Entry { input: Input { source: Wifi, session: 45608403140647, seq: 16, expires_ms: 357812, command: Forward }, order: 268, received_ms: 357736 })
RX src=Wifi session=45608403140647 seq=17 cmd=Reverse rx_ms=357792 expires_ms=357916 order=269 depth=1 status=Queued
OUT at_ms=357799 depth=0 event=Apply(Entry { input: Input { source: Wifi, session: 45608403140647, seq: 17, expires_ms: 357916, command: Reverse }, order: 269, received_ms: 357792 })
RX src=Wifi session=45608403140647 seq=18 cmd=Forward rx_ms=357850 expires_ms=357974 order=270 depth=1 status=Queued
OUT at_ms=357868 depth=0 event=Apply(Entry { input: Input { source: Wifi, session: 45608403140647, seq: 18, expires_ms: 357974, command: Forward }, order: 270, received_ms: 357850 })
RX src=Wifi session=45608403140647 seq=19 cmd=Reverse rx_ms=357941 expires_ms=358029 order=271 depth=1 status=Queued
OUT at_ms=357954 depth=0 event=Apply(Entry { input: Input { source: Wifi, session: 45608403140647, seq: 19, expires_ms: 358029, command: Reverse }, order: 271, received_ms: 357941 })
RX src=Wifi session=45608403140647 seq=20 cmd=Forward rx_ms=358041 expires_ms=358120 order=272 depth=1 status=Queued
OUT at_ms=358041 depth=0 event=Apply(Entry { input: Input { source: Wifi, session: 45608403140647, seq: 20, expires_ms: 358120, command: Forward }, order: 272, received_ms: 358041 })
RX src=Wifi session=45608403140647 seq=21 cmd=Reverse rx_ms=358146 expires_ms=358234 order=273 depth=1 status=Queued
OUT at_ms=358146 depth=0 event=Apply(Entry { input: Input { source: Wifi, session: 45608403140647, seq: 21, expires_ms: 358234, command: Reverse }, order: 273, received_ms: 358146 })
RX src=Wifi session=45608403140647 seq=22 cmd=Forward rx_ms=358260 expires_ms=358341 order=274 depth=1 status=Queued
OUT at_ms=358273 depth=0 event=Apply(Entry { input: Input { source: Wifi, session: 45608403140647, seq: 22, expires_ms: 358341, command: Forward }, order: 274, received_ms: 358260 })
RX src=Wifi session=45608403140647 seq=23 cmd=Reverse rx_ms=358350 expires_ms=358439 order=275 depth=1 status=Queued
OUT at_ms=358358 depth=0 event=Apply(Entry { input: Input { source: Wifi, session: 45608403140647, seq: 23, expires_ms: 358439, command: Reverse }, order: 275, received_ms: 358350 })
RX src=Wifi session=45608403140647 seq=24 cmd=Forward rx_ms=358450 expires_ms=358530 order=276 depth=1 status=Queued
OUT at_ms=358467 depth=0 event=Apply(Entry { input: Input { source: Wifi, session: 45608403140647, seq: 24, expires_ms: 358530, command: Forward }, order: 276, received_ms: 358450 })
RX src=Wifi session=45608403140647 seq=25 cmd=Reverse rx_ms=358555 expires_ms=358631 order=277 depth=1 status=Queued
OUT at_ms=358572 depth=0 event=Apply(Entry { input: Input { source: Wifi, session: 45608403140647, seq: 25, expires_ms: 358631, command: Reverse }, order: 277, received_ms: 358555 })
RX src=Wifi session=45608403140647 seq=26 cmd=Forward rx_ms=358611 expires_ms=358735 order=278 depth=1 status=Queued
OUT at_ms=358618 depth=0 event=Apply(Entry { input: Input { source: Wifi, session: 45608403140647, seq: 26, expires_ms: 358735, command: Forward }, order: 278, received_ms: 358611 })
RX src=Wifi session=45608403140647 seq=27 cmd=Reverse rx_ms=358669 expires_ms=358794 order=279 depth=1 status=Queued
OUT at_ms=358686 depth=0 event=Apply(Entry { input: Input { source: Wifi, session: 45608403140647, seq: 27, expires_ms: 358794, command: Reverse }, order: 279, received_ms: 358669 })
RX src=Wifi session=45608403140647 seq=28 cmd=Forward rx_ms=358760 expires_ms=358849 order=280 depth=1 status=Queued
OUT at_ms=358773 depth=0 event=Apply(Entry { input: Input { source: Wifi, session: 45608403140647, seq: 28, expires_ms: 358849, command: Forward }, order: 280, received_ms: 358760 })
RX src=Wifi session=45608403140647 seq=29 cmd=Reverse rx_ms=358860 expires_ms=358940 order=281 depth=1 status=Queued
OUT at_ms=358879 depth=0 event=Apply(Entry { input: Input { source: Wifi, session: 45608403140647, seq: 29, expires_ms: 358940, command: Reverse }, order: 281, received_ms: 358860 })
RX src=Wifi session=45608403140647 seq=30 cmd=Forward rx_ms=358963 expires_ms=359041 order=282 depth=1 status=Queued
OUT at_ms=358966 depth=0 event=Apply(Entry { input: Input { source: Wifi, session: 45608403140647, seq: 30, expires_ms: 359041, command: Forward }, order: 282, received_ms: 358963 })
RX src=Wifi session=45608403140647 seq=31 cmd=Reverse rx_ms=359022 expires_ms=359143 order=283 depth=1 status=Queued
OUT at_ms=359029 depth=0 event=Apply(Entry { input: Input { source: Wifi, session: 45608403140647, seq: 31, expires_ms: 359143, command: Reverse }, order: 283, received_ms: 359022 })
RX src=Wifi session=45608403140647 seq=32 cmd=Forward rx_ms=359079 expires_ms=359203 order=284 depth=1 status=Queued
OUT at_ms=359098 depth=0 event=Apply(Entry { input: Input { source: Wifi, session: 45608403140647, seq: 32, expires_ms: 359203, command: Forward }, order: 284, received_ms: 359079 })
RX src=Wifi session=45608403140647 seq=33 cmd=Reverse rx_ms=359170 expires_ms=359258 order=285 depth=1 status=Queued
OUT at_ms=359184 depth=0 event=Apply(Entry { input: Input { source: Wifi, session: 45608403140647, seq: 33, expires_ms: 359258, command: Reverse }, order: 285, received_ms: 359170 })
RX src=Wifi session=45608403140647 seq=34 cmd=Forward rx_ms=359271 expires_ms=359349 order=286 depth=1 status=Queued
OUT at_ms=359289 depth=0 event=Apply(Entry { input: Input { source: Wifi, session: 45608403140647, seq: 34, expires_ms: 359349, command: Forward }, order: 286, received_ms: 359271 })
RX src=Wifi session=45608403140647 seq=35 cmd=Reverse rx_ms=359374 expires_ms=359450 order=287 depth=1 status=Queued
OUT at_ms=359375 depth=0 event=Apply(Entry { input: Input { source: Wifi, session: 45608403140647, seq: 35, expires_ms: 359450, command: Reverse }, order: 287, received_ms: 359374 })
RX src=Wifi session=45608403140647 seq=36 cmd=Forward rx_ms=359488 expires_ms=359569 order=288 depth=1 status=Queued
OUT at_ms=359502 depth=0 event=Apply(Entry { input: Input { source: Wifi, session: 45608403140647, seq: 36, expires_ms: 359569, command: Forward }, order: 288, received_ms: 359488 })
RX src=Wifi session=45608403140647 seq=37 cmd=Reverse rx_ms=359579 expires_ms=359668 order=289 depth=1 status=Queued
OUT at_ms=359587 depth=0 event=Apply(Entry { input: Input { source: Wifi, session: 45608403140647, seq: 37, expires_ms: 359668, command: Reverse }, order: 289, received_ms: 359579 })
RX src=Wifi session=45608403140647 seq=38 cmd=Forward rx_ms=359683 expires_ms=359759 order=290 depth=1 status=Queued
OUT at_ms=359696 depth=0 event=Apply(Entry { input: Input { source: Wifi, session: 45608403140647, seq: 38, expires_ms: 359759, command: Forward }, order: 290, received_ms: 359683 })
RX src=Wifi session=45608403140647 seq=39 cmd=Reverse rx_ms=359784 expires_ms=359862 order=291 depth=1 status=Queued
OUT at_ms=359802 depth=0 event=Apply(Entry { input: Input { source: Wifi, session: 45608403140647, seq: 39, expires_ms: 359862, command: Reverse }, order: 291, received_ms: 359784 })
RX src=Wifi session=45608403140647 seq=40 cmd=Forward rx_ms=359840 expires_ms=359964 order=292 depth=1 status=Queued
OUT at_ms=359848 depth=0 event=Apply(Entry { input: Input { source: Wifi, session: 45608403140647, seq: 40, expires_ms: 359964, command: Forward }, order: 292, received_ms: 359840 })
RX src=Wifi session=45608403140647 seq=41 cmd=Reverse rx_ms=359898 expires_ms=360022 order=293 depth=1 status=Queued
OUT at_ms=359916 depth=0 event=Apply(Entry { input: Input { source: Wifi, session: 45608403140647, seq: 41, expires_ms: 360022, command: Reverse }, order: 293, received_ms: 359898 })
RX src=Wifi session=45608403140647 seq=42 cmd=Forward rx_ms=359989 expires_ms=360077 order=294 depth=1 status=Queued
OUT at_ms=360002 depth=0 event=Apply(Entry { input: Input { source: Wifi, session: 45608403140647, seq: 42, expires_ms: 360077, command: Forward }, order: 294, received_ms: 359989 })
RX src=Wifi session=45608403140647 seq=43 cmd=Reverse rx_ms=360089 expires_ms=360168 order=295 depth=1 status=Queued
OUT at_ms=360108 depth=0 event=Apply(Entry { input: Input { source: Wifi, session: 45608403140647, seq: 43, expires_ms: 360168, command: Reverse }, order: 295, received_ms: 360089 })
RX src=Wifi session=45608403140647 seq=44 cmd=Forward rx_ms=360194 expires_ms=360270 order=296 depth=1 status=Queued
OUT at_ms=360195 depth=0 event=Apply(Entry { input: Input { source: Wifi, session: 45608403140647, seq: 44, expires_ms: 360270, command: Forward }, order: 296, received_ms: 360194 })
RX src=Wifi session=45608403140647 seq=45 cmd=Reverse rx_ms=360299 expires_ms=360388 order=297 depth=1 status=Queued
OUT at_ms=360300 depth=0 event=Apply(Entry { input: Input { source: Wifi, session: 45608403140647, seq: 45, expires_ms: 360388, command: Reverse }, order: 297, received_ms: 360299 })
RX src=Wifi session=45608403140647 seq=46 cmd=Forward rx_ms=360543 expires_ms=360493 order=0 depth=0 status=Stale
RX src=Wifi session=45608403140647 seq=47 cmd=Reverse rx_ms=360655 expires_ms=360722 order=298 depth=1 status=Queued
OUT at_ms=360669 depth=0 event=Apply(Entry { input: Input { source: Wifi, session: 45608403140647, seq: 47, expires_ms: 360722, command: Reverse }, order: 298, received_ms: 360655 })
RX src=Wifi session=45608403140647 seq=48 cmd=Forward rx_ms=360820 expires_ms=360920 order=299 depth=1 status=Queued
OUT at_ms=360837 depth=0 event=Apply(Entry { input: Input { source: Wifi, session: 45608403140647, seq: 48, expires_ms: 360920, command: Forward }, order: 299, received_ms: 360820 })
RX src=Wifi session=45608403140647 seq=49 cmd=Reverse rx_ms=361040 expires_ms=361003 order=0 depth=0 status=Stale
RX src=Wifi session=45608403140647 seq=50 cmd=Forward rx_ms=361229 expires_ms=361222 order=0 depth=0 status=Stale
RX src=Wifi session=45608403140647 seq=51 cmd=Reverse rx_ms=361400 expires_ms=361408 order=300 depth=1 status=Queued
OUT at_ms=361405 depth=0 event=Apply(Entry { input: Input { source: Wifi, session: 45608403140647, seq: 51, expires_ms: 361408, command: Reverse }, order: 300, received_ms: 361400 })
RX src=Wifi session=45608403140647 seq=52 cmd=Forward rx_ms=361455 expires_ms=361579 order=301 depth=1 status=Queued
OUT at_ms=361466 depth=0 event=Apply(Entry { input: Input { source: Wifi, session: 45608403140647, seq: 52, expires_ms: 361579, command: Forward }, order: 301, received_ms: 361455 })
RX src=Wifi session=45608403140647 seq=53 cmd=Reverse rx_ms=361511 expires_ms=361635 order=302 depth=1 status=Queued
OUT at_ms=361512 depth=0 event=Apply(Entry { input: Input { source: Wifi, session: 45608403140647, seq: 53, expires_ms: 361635, command: Reverse }, order: 302, received_ms: 361511 })
RX src=Wifi session=45608403140647 seq=54 cmd=Forward rx_ms=361685 expires_ms=361706 order=303 depth=1 status=Queued
OUT at_ms=361698 depth=0 event=Apply(Entry { input: Input { source: Wifi, session: 45608403140647, seq: 54, expires_ms: 361706, command: Forward }, order: 303, received_ms: 361685 })
RX src=Wifi session=45608403140647 seq=55 cmd=Reverse rx_ms=361875 expires_ms=361865 order=0 depth=0 status=Stale
RX src=Wifi session=45608403140647 seq=56 cmd=Forward rx_ms=361930 expires_ms=362055 order=304 depth=1 status=Queued
OUT at_ms=361947 depth=0 event=Apply(Entry { input: Input { source: Wifi, session: 45608403140647, seq: 56, expires_ms: 362055, command: Forward }, order: 304, received_ms: 361930 })
RX src=Wifi session=45608403140647 seq=57 cmd=Reverse rx_ms=362024 expires_ms=362111 order=305 depth=1 status=Queued
OUT at_ms=362032 depth=0 event=Apply(Entry { input: Input { source: Wifi, session: 45608403140647, seq: 57, expires_ms: 362111, command: Reverse }, order: 305, received_ms: 362024 })
RX src=Wifi session=45608403140647 seq=58 cmd=Forward rx_ms=362234 expires_ms=362203 order=0 depth=0 status=Stale
RX src=Wifi session=45608403140647 seq=59 cmd=Reverse rx_ms=362293 expires_ms=362413 order=306 depth=1 status=Queued
OUT at_ms=362300 depth=0 event=Apply(Entry { input: Input { source: Wifi, session: 45608403140647, seq: 59, expires_ms: 362413, command: Reverse }, order: 306, received_ms: 362293 })
RX src=Wifi session=45608403140647 seq=60 cmd=Forward rx_ms=362348 expires_ms=362473 order=307 depth=1 status=Queued
OUT at_ms=362349 depth=0 event=Apply(Entry { input: Input { source: Wifi, session: 45608403140647, seq: 60, expires_ms: 362473, command: Forward }, order: 307, received_ms: 362348 })
RX src=Wifi session=45608403140647 seq=61 cmd=Reverse rx_ms=362514 expires_ms=362566 order=308 depth=1 status=Queued
OUT at_ms=362515 depth=0 event=Apply(Entry { input: Input { source: Wifi, session: 45608403140647, seq: 61, expires_ms: 362566, command: Reverse }, order: 308, received_ms: 362514 })
RX src=Wifi session=45608403140647 seq=62 cmd=Forward rx_ms=362606 expires_ms=362708 order=309 depth=1 status=Queued
OUT at_ms=362620 depth=0 event=Apply(Entry { input: Input { source: Wifi, session: 45608403140647, seq: 62, expires_ms: 362708, command: Forward }, order: 309, received_ms: 362606 })
RX src=Wifi session=45608403140647 seq=63 cmd=Reverse rx_ms=362703 expires_ms=362787 order=310 depth=1 status=Queued
OUT at_ms=362707 depth=0 event=Apply(Entry { input: Input { source: Wifi, session: 45608403140647, seq: 63, expires_ms: 362787, command: Reverse }, order: 310, received_ms: 362703 })
RX src=Wifi session=45608403140647 seq=64 cmd=Forward rx_ms=362924 expires_ms=362883 order=0 depth=0 status=Stale
RX src=Wifi session=45608403140647 seq=65 cmd=Reverse rx_ms=362979 expires_ms=363103 order=311 depth=1 status=Queued
OUT at_ms=362989 depth=0 event=Apply(Entry { input: Input { source: Wifi, session: 45608403140647, seq: 65, expires_ms: 363103, command: Reverse }, order: 311, received_ms: 362979 })
RX src=Wifi session=45608403140647 seq=66 cmd=Forward rx_ms=363077 expires_ms=363202 order=312 depth=1 status=Queued
OUT at_ms=363095 depth=0 event=Apply(Entry { input: Input { source: Wifi, session: 45608403140647, seq: 66, expires_ms: 363202, command: Forward }, order: 312, received_ms: 363077 })
RX src=Wifi session=45608403140647 seq=67 cmd=Reverse rx_ms=363334 expires_ms=363292 order=0 depth=0 status=Stale
RX src=Wifi session=45608403140647 seq=68 cmd=Forward rx_ms=363447 expires_ms=363513 order=313 depth=1 status=Queued
OUT at_ms=363462 depth=0 event=Apply(Entry { input: Input { source: Wifi, session: 45608403140647, seq: 68, expires_ms: 363513, command: Forward }, order: 313, received_ms: 363447 })
RX src=Wifi session=45608403140647 seq=69 cmd=Reverse rx_ms=363524 expires_ms=363626 order=314 depth=1 status=Queued
OUT at_ms=363529 depth=0 event=Apply(Entry { input: Input { source: Wifi, session: 45608403140647, seq: 69, expires_ms: 363626, command: Reverse }, order: 314, received_ms: 363524 })
RX src=Wifi session=45608403140647 seq=70 cmd=Forward rx_ms=363810 expires_ms=363703 order=0 depth=0 status=Stale
RX src=Wifi session=45608403140647 seq=71 cmd=Reverse rx_ms=363881 expires_ms=363990 order=315 depth=1 status=Queued
OUT at_ms=363892 depth=0 event=Apply(Entry { input: Input { source: Wifi, session: 45608403140647, seq: 71, expires_ms: 363990, command: Reverse }, order: 315, received_ms: 363881 })
RX src=Wifi session=45608403140647 seq=72 cmd=Forward rx_ms=363936 expires_ms=364061 order=316 depth=1 status=Queued
OUT at_ms=363939 depth=0 event=Apply(Entry { input: Input { source: Wifi, session: 45608403140647, seq: 72, expires_ms: 364061, command: Forward }, order: 316, received_ms: 363936 })
RX src=Wifi session=45608403140647 seq=73 cmd=Reverse rx_ms=364014 expires_ms=364118 order=317 depth=1 status=Queued
OUT at_ms=364023 depth=0 event=Apply(Entry { input: Input { source: Wifi, session: 45608403140647, seq: 73, expires_ms: 364118, command: Reverse }, order: 317, received_ms: 364014 })
RX src=Wifi session=45608403140647 seq=74 cmd=Forward rx_ms=364199 expires_ms=364193 order=0 depth=0 status=Stale
RX src=Wifi session=45608403140647 seq=75 cmd=Reverse rx_ms=364291 expires_ms=364379 order=318 depth=1 status=Queued
OUT at_ms=364292 depth=0 event=Apply(Entry { input: Input { source: Wifi, session: 45608403140647, seq: 75, expires_ms: 364379, command: Reverse }, order: 318, received_ms: 364291 })
RX src=Wifi session=45608403140647 seq=76 cmd=Forward rx_ms=364360 expires_ms=364485 order=319 depth=1 status=Queued
OUT at_ms=364377 depth=0 event=Apply(Entry { input: Input { source: Wifi, session: 45608403140647, seq: 76, expires_ms: 364485, command: Forward }, order: 319, received_ms: 364360 })
RX src=Wifi session=45608403140647 seq=77 cmd=Reverse rx_ms=364434 expires_ms=364539 order=320 depth=1 status=Queued
OUT at_ms=364442 depth=0 event=Apply(Entry { input: Input { source: Wifi, session: 45608403140647, seq: 77, expires_ms: 364539, command: Reverse }, order: 320, received_ms: 364434 })
RX src=Wifi session=45608403140647 seq=78 cmd=Forward rx_ms=364609 expires_ms=364614 order=321 depth=1 status=Queued
OUT at_ms=364613 depth=0 event=Apply(Entry { input: Input { source: Wifi, session: 45608403140647, seq: 78, expires_ms: 364614, command: Forward }, order: 321, received_ms: 364609 })
RX src=Wifi session=45608403140647 seq=79 cmd=Reverse rx_ms=364693 expires_ms=364789 order=322 depth=1 status=Queued
OUT at_ms=364696 depth=0 event=Apply(Entry { input: Input { source: Wifi, session: 45608403140647, seq: 79, expires_ms: 364789, command: Reverse }, order: 322, received_ms: 364693 })
RX src=Wifi session=45608403140647 seq=80 cmd=Forward rx_ms=364747 expires_ms=364872 order=323 depth=1 status=Queued
OUT at_ms=364760 depth=0 event=Apply(Entry { input: Input { source: Wifi, session: 45608403140647, seq: 80, expires_ms: 364872, command: Forward }, order: 323, received_ms: 364747 })
RX src=Wifi session=45608403140647 seq=81 cmd=Reverse rx_ms=364808 expires_ms=364926 order=324 depth=1 status=Queued
OUT at_ms=364826 depth=0 event=Apply(Entry { input: Input { source: Wifi, session: 45608403140647, seq: 81, expires_ms: 364926, command: Reverse }, order: 324, received_ms: 364808 })
RX src=Wifi session=45608403140647 seq=82 cmd=Forward rx_ms=364974 expires_ms=364987 order=325 depth=1 status=Queued
OUT at_ms=364992 depth=0 event=Stale(Entry { input: Input { source: Wifi, session: 45608403140647, seq: 82, expires_ms: 364987, command: Forward }, order: 325, received_ms: 364974 })
RX src=Wifi session=45608403140647 seq=83 cmd=Reverse rx_ms=365029 expires_ms=365153 order=326 depth=1 status=Queued
OUT at_ms=365037 depth=0 event=Apply(Entry { input: Input { source: Wifi, session: 45608403140647, seq: 83, expires_ms: 365153, command: Reverse }, order: 326, received_ms: 365029 })
RX src=Wifi session=45608403140647 seq=84 cmd=Forward rx_ms=365165 expires_ms=365247 order=327 depth=1 status=Queued
OUT at_ms=365165 depth=0 event=Apply(Entry { input: Input { source: Wifi, session: 45608403140647, seq: 84, expires_ms: 365247, command: Forward }, order: 327, received_ms: 365165 })
RX src=Wifi session=45608403140647 seq=85 cmd=Reverse rx_ms=365335 expires_ms=365358 order=328 depth=1 status=Queued
OUT at_ms=365351 depth=0 event=Apply(Entry { input: Input { source: Wifi, session: 45608403140647, seq: 85, expires_ms: 365358, command: Reverse }, order: 328, received_ms: 365335 })
RX src=Wifi session=45608403140647 seq=86 cmd=Forward rx_ms=365443 expires_ms=365514 order=329 depth=1 status=Queued
OUT at_ms=365458 depth=0 event=Apply(Entry { input: Input { source: Wifi, session: 45608403140647, seq: 86, expires_ms: 365514, command: Forward }, order: 329, received_ms: 365443 })
RX src=Wifi session=45608403140647 seq=87 cmd=Reverse rx_ms=365498 expires_ms=365622 order=330 depth=1 status=Queued
OUT at_ms=365504 depth=0 event=Apply(Entry { input: Input { source: Wifi, session: 45608403140647, seq: 87, expires_ms: 365622, command: Reverse }, order: 330, received_ms: 365498 })
RX src=Wifi session=45608403140647 seq=88 cmd=Forward rx_ms=365562 expires_ms=365677 order=331 depth=1 status=Queued
OUT at_ms=365575 depth=0 event=Apply(Entry { input: Input { source: Wifi, session: 45608403140647, seq: 88, expires_ms: 365677, command: Forward }, order: 331, received_ms: 365562 })
RX src=Wifi session=45608403140647 seq=89 cmd=Reverse rx_ms=365668 expires_ms=365741 order=332 depth=1 status=Queued
OUT at_ms=365681 depth=0 event=Apply(Entry { input: Input { source: Wifi, session: 45608403140647, seq: 89, expires_ms: 365741, command: Reverse }, order: 332, received_ms: 365668 })
RX src=Wifi session=45608403140647 seq=90 cmd=Forward rx_ms=365916 expires_ms=365969 order=333 depth=1 status=Queued
OUT at_ms=365930 depth=0 event=Apply(Entry { input: Input { source: Wifi, session: 45608403140647, seq: 90, expires_ms: 365969, command: Forward }, order: 333, received_ms: 365916 })
RX src=Wifi session=45608403140647 seq=91 cmd=Reverse rx_ms=365984 expires_ms=366096 order=334 depth=1 status=Queued
OUT at_ms=365997 depth=0 event=Apply(Entry { input: Input { source: Wifi, session: 45608403140647, seq: 91, expires_ms: 366096, command: Reverse }, order: 334, received_ms: 365984 })
RX src=Wifi session=45608403140647 seq=92 cmd=Forward rx_ms=366076 expires_ms=366166 order=335 depth=1 status=Queued
OUT at_ms=366083 depth=0 event=Apply(Entry { input: Input { source: Wifi, session: 45608403140647, seq: 92, expires_ms: 366166, command: Forward }, order: 335, received_ms: 366076 })
RX src=Wifi session=45608403140647 seq=93 cmd=Reverse rx_ms=366201 expires_ms=366255 order=336 depth=1 status=Queued
OUT at_ms=366215 depth=0 event=Apply(Entry { input: Input { source: Wifi, session: 45608403140647, seq: 93, expires_ms: 366255, command: Reverse }, order: 336, received_ms: 366201 })
RX src=Wifi session=45608403140647 seq=94 cmd=Forward rx_ms=366293 expires_ms=366380 order=337 depth=1 status=Queued
OUT at_ms=366300 depth=0 event=Apply(Entry { input: Input { source: Wifi, session: 45608403140647, seq: 94, expires_ms: 366380, command: Forward }, order: 337, received_ms: 366293 })
RX src=Wifi session=45608403140647 seq=95 cmd=Reverse rx_ms=366349 expires_ms=366473 order=338 depth=1 status=Queued
OUT at_ms=366350 depth=0 event=Apply(Entry { input: Input { source: Wifi, session: 45608403140647, seq: 95, expires_ms: 366473, command: Reverse }, order: 338, received_ms: 366349 })
RX src=Wifi session=45608403140647 seq=96 cmd=Forward rx_ms=366441 expires_ms=366566 order=339 depth=1 status=Queued
OUT at_ms=366455 depth=0 event=Apply(Entry { input: Input { source: Wifi, session: 45608403140647, seq: 96, expires_ms: 366566, command: Forward }, order: 339, received_ms: 366441 })
RX src=Wifi session=45608403140647 seq=97 cmd=Reverse rx_ms=366548 expires_ms=366620 order=340 depth=1 status=Queued
OUT at_ms=366562 depth=0 event=Apply(Entry { input: Input { source: Wifi, session: 45608403140647, seq: 97, expires_ms: 366620, command: Reverse }, order: 340, received_ms: 366548 })
RX src=Wifi session=45608403140647 seq=98 cmd=Forward rx_ms=366621 expires_ms=366728 order=341 depth=1 status=Queued
OUT at_ms=366627 depth=0 event=Apply(Entry { input: Input { source: Wifi, session: 45608403140647, seq: 98, expires_ms: 366728, command: Forward }, order: 341, received_ms: 366621 })
RX src=Wifi session=45608403140647 seq=99 cmd=Reverse rx_ms=366739 expires_ms=366800 order=342 depth=1 status=Queued
OUT at_ms=366757 depth=0 event=Apply(Entry { input: Input { source: Wifi, session: 45608403140647, seq: 99, expires_ms: 366800, command: Reverse }, order: 342, received_ms: 366739 })
RX src=Wifi session=45608403140647 seq=100 cmd=Forward rx_ms=366800 expires_ms=366918 order=343 depth=1 status=Queued
OUT at_ms=366803 depth=0 event=Apply(Entry { input: Input { source: Wifi, session: 45608403140647, seq: 100, expires_ms: 366918, command: Forward }, order: 343, received_ms: 366800 })
RX src=Wifi session=45608403140647 seq=101 cmd=Reverse rx_ms=366855 expires_ms=366979 order=344 depth=1 status=Queued
OUT at_ms=366866 depth=0 event=Apply(Entry { input: Input { source: Wifi, session: 45608403140647, seq: 101, expires_ms: 366979, command: Reverse }, order: 344, received_ms: 366855 })
RX src=Wifi session=45608403140647 seq=102 cmd=Forward rx_ms=366946 expires_ms=367071 order=345 depth=1 status=Queued
OUT at_ms=366952 depth=0 event=Apply(Entry { input: Input { source: Wifi, session: 45608403140647, seq: 102, expires_ms: 367071, command: Forward }, order: 345, received_ms: 366946 })
RX src=Wifi session=45608403140647 seq=103 cmd=Reverse rx_ms=367026 expires_ms=367126 order=346 depth=1 status=Queued
OUT at_ms=367032 depth=0 event=Apply(Entry { input: Input { source: Wifi, session: 45608403140647, seq: 103, expires_ms: 367126, command: Reverse }, order: 346, received_ms: 367026 })
RX src=Wifi session=45608403140647 seq=104 cmd=Forward rx_ms=367080 expires_ms=367205 order=347 depth=1 status=Queued
OUT at_ms=367084 depth=0 event=Apply(Entry { input: Input { source: Wifi, session: 45608403140647, seq: 104, expires_ms: 367205, command: Forward }, order: 347, received_ms: 367080 })
RX src=Wifi session=45608403140647 seq=105 cmd=Reverse rx_ms=367145 expires_ms=367259 order=348 depth=1 status=Queued
OUT at_ms=367146 depth=0 event=Apply(Entry { input: Input { source: Wifi, session: 45608403140647, seq: 105, expires_ms: 367259, command: Reverse }, order: 348, received_ms: 367145 })
RX src=Wifi session=45608403140647 seq=106 cmd=Forward rx_ms=367251 expires_ms=367339 order=349 depth=1 status=Queued
OUT at_ms=367252 depth=0 event=Apply(Entry { input: Input { source: Wifi, session: 45608403140647, seq: 106, expires_ms: 367339, command: Forward }, order: 349, received_ms: 367251 })
RX src=Wifi session=45608403140647 seq=107 cmd=Reverse rx_ms=367393 expires_ms=367445 order=350 depth=1 status=Queued
OUT at_ms=367397 depth=0 event=Apply(Entry { input: Input { source: Wifi, session: 45608403140647, seq: 107, expires_ms: 367445, command: Reverse }, order: 350, received_ms: 367393 })
RX src=Wifi session=45608403140647 seq=108 cmd=Forward rx_ms=367464 expires_ms=367573 order=351 depth=1 status=Queued
OUT at_ms=367479 depth=0 event=Apply(Entry { input: Input { source: Wifi, session: 45608403140647, seq: 108, expires_ms: 367573, command: Forward }, order: 351, received_ms: 367464 })
RX src=Wifi session=45608403140647 seq=109 cmd=Reverse rx_ms=367545 expires_ms=367643 order=352 depth=1 status=Queued
OUT at_ms=367546 depth=0 event=Apply(Entry { input: Input { source: Wifi, session: 45608403140647, seq: 109, expires_ms: 367643, command: Reverse }, order: 352, received_ms: 367545 })
RX src=Wifi session=45608403140647 seq=110 cmd=Forward rx_ms=367615 expires_ms=367740 order=353 depth=1 status=Queued
OUT at_ms=367631 depth=0 event=Apply(Entry { input: Input { source: Wifi, session: 45608403140647, seq: 110, expires_ms: 367740, command: Forward }, order: 353, received_ms: 367615 })
RX src=Wifi session=45608403140647 seq=111 cmd=Reverse rx_ms=367707 expires_ms=367794 order=354 depth=1 status=Queued
OUT at_ms=367717 depth=0 event=Apply(Entry { input: Input { source: Wifi, session: 45608403140647, seq: 111, expires_ms: 367794, command: Reverse }, order: 354, received_ms: 367707 })
RX src=Wifi session=45608403140647 seq=112 cmd=Forward rx_ms=367803 expires_ms=367886 order=355 depth=1 status=Queued
OUT at_ms=367806 depth=0 event=Apply(Entry { input: Input { source: Wifi, session: 45608403140647, seq: 112, expires_ms: 367886, command: Forward }, order: 355, received_ms: 367803 })
RX src=Wifi session=45608403140647 seq=113 cmd=Reverse rx_ms=367881 expires_ms=367983 order=356 depth=1 status=Queued
OUT at_ms=367889 depth=0 event=Apply(Entry { input: Input { source: Wifi, session: 45608403140647, seq: 113, expires_ms: 367983, command: Reverse }, order: 356, received_ms: 367881 })
RX src=Wifi session=45608403140647 seq=114 cmd=Forward rx_ms=367980 expires_ms=368061 order=357 depth=1 status=Queued
OUT at_ms=367999 depth=0 event=Apply(Entry { input: Input { source: Wifi, session: 45608403140647, seq: 114, expires_ms: 368061, command: Forward }, order: 357, received_ms: 367980 })
RX src=Wifi session=45608403140647 seq=115 cmd=Reverse rx_ms=368050 expires_ms=368173 order=358 depth=1 status=Queued
OUT at_ms=368065 depth=0 event=Apply(Entry { input: Input { source: Wifi, session: 45608403140647, seq: 115, expires_ms: 368173, command: Reverse }, order: 358, received_ms: 368050 })
RX src=Wifi session=45608403140647 seq=116 cmd=Forward rx_ms=368105 expires_ms=368229 order=359 depth=1 status=Queued
OUT at_ms=368110 depth=0 event=Apply(Entry { input: Input { source: Wifi, session: 45608403140647, seq: 116, expires_ms: 368229, command: Forward }, order: 359, received_ms: 368105 })
RX src=Wifi session=45608403140647 seq=117 cmd=Reverse rx_ms=368181 expires_ms=368284 order=360 depth=1 status=Queued
OUT at_ms=368192 depth=0 event=Apply(Entry { input: Input { source: Wifi, session: 45608403140647, seq: 117, expires_ms: 368284, command: Reverse }, order: 360, received_ms: 368181 })
RX src=Wifi session=45608403140647 seq=118 cmd=Forward rx_ms=368280 expires_ms=368361 order=361 depth=1 status=Queued
OUT at_ms=368298 depth=0 event=Apply(Entry { input: Input { source: Wifi, session: 45608403140647, seq: 118, expires_ms: 368361, command: Forward }, order: 361, received_ms: 368280 })
RX src=Wifi session=45608403140647 seq=119 cmd=Reverse rx_ms=368386 expires_ms=368462 order=362 depth=1 status=Queued
OUT at_ms=368404 depth=0 event=Apply(Entry { input: Input { source: Wifi, session: 45608403140647, seq: 119, expires_ms: 368462, command: Reverse }, order: 362, received_ms: 368386 })
RX src=Wifi session=45608403140647 seq=120 cmd=Forward rx_ms=368441 expires_ms=368566 order=363 depth=1 status=Queued
OUT at_ms=368450 depth=0 event=Apply(Entry { input: Input { source: Wifi, session: 45608403140647, seq: 120, expires_ms: 368566, command: Forward }, order: 363, received_ms: 368441 })
RX src=Wifi session=45608403140647 seq=121 cmd=Reverse rx_ms=368513 expires_ms=368624 order=364 depth=1 status=Queued
OUT at_ms=368517 depth=0 event=Apply(Entry { input: Input { source: Wifi, session: 45608403140647, seq: 121, expires_ms: 368624, command: Reverse }, order: 364, received_ms: 368513 })
RX src=Wifi session=45608403140647 seq=122 cmd=Forward rx_ms=368590 expires_ms=368693 order=365 depth=1 status=Queued
OUT at_ms=368599 depth=0 event=Apply(Entry { input: Input { source: Wifi, session: 45608403140647, seq: 122, expires_ms: 368693, command: Forward }, order: 365, received_ms: 368590 })
RX src=Wifi session=45608403140647 seq=123 cmd=Reverse rx_ms=368689 expires_ms=368770 order=366 depth=1 status=Queued
OUT at_ms=368707 depth=0 event=Apply(Entry { input: Input { source: Wifi, session: 45608403140647, seq: 123, expires_ms: 368770, command: Reverse }, order: 366, received_ms: 368689 })
RX src=Wifi session=45608403140647 seq=124 cmd=Forward rx_ms=368795 expires_ms=368872 order=367 depth=1 status=Queued
OUT at_ms=368813 depth=0 event=Apply(Entry { input: Input { source: Wifi, session: 45608403140647, seq: 124, expires_ms: 368872, command: Forward }, order: 367, received_ms: 368795 })
RX src=Wifi session=45608403140647 seq=125 cmd=Reverse rx_ms=368851 expires_ms=368975 order=368 depth=1 status=Queued
OUT at_ms=368859 depth=0 event=Apply(Entry { input: Input { source: Wifi, session: 45608403140647, seq: 125, expires_ms: 368975, command: Reverse }, order: 368, received_ms: 368851 })
RX src=Wifi session=45608403140647 seq=126 cmd=Forward rx_ms=368925 expires_ms=369034 order=369 depth=1 status=Queued
OUT at_ms=368928 depth=0 event=Apply(Entry { input: Input { source: Wifi, session: 45608403140647, seq: 126, expires_ms: 369034, command: Forward }, order: 369, received_ms: 368925 })
RX src=Wifi session=45608403140647 seq=127 cmd=Reverse rx_ms=369000 expires_ms=369105 order=370 depth=1 status=Queued
OUT at_ms=369013 depth=0 event=Apply(Entry { input: Input { source: Wifi, session: 45608403140647, seq: 127, expires_ms: 369105, command: Reverse }, order: 370, received_ms: 369000 })
RX src=Wifi session=45608403140647 seq=128 cmd=Forward rx_ms=369099 expires_ms=369180 order=371 depth=1 status=Queued
OUT at_ms=369100 depth=0 event=Apply(Entry { input: Input { source: Wifi, session: 45608403140647, seq: 128, expires_ms: 369180, command: Forward }, order: 371, received_ms: 369099 })
RX src=Wifi session=45608403140647 seq=129 cmd=Reverse rx_ms=369205 expires_ms=369293 order=372 depth=1 status=Queued
OUT at_ms=369208 depth=0 event=Apply(Entry { input: Input { source: Wifi, session: 45608403140647, seq: 129, expires_ms: 369293, command: Reverse }, order: 372, received_ms: 369205 })
RX src=Wifi session=45608403140647 seq=130 cmd=Forward rx_ms=369260 expires_ms=369384 order=373 depth=1 status=Queued
OUT at_ms=369271 depth=0 event=Apply(Entry { input: Input { source: Wifi, session: 45608403140647, seq: 130, expires_ms: 369384, command: Forward }, order: 373, received_ms: 369260 })
RX src=Wifi session=45608403140647 seq=131 cmd=Reverse rx_ms=369332 expires_ms=369440 order=374 depth=1 status=Queued
OUT at_ms=369337 depth=0 event=Apply(Entry { input: Input { source: Wifi, session: 45608403140647, seq: 131, expires_ms: 369440, command: Reverse }, order: 374, received_ms: 369332 })
RX src=Wifi session=45608403140647 seq=132 cmd=Forward rx_ms=369410 expires_ms=369512 order=375 depth=1 status=Queued
OUT at_ms=369418 depth=0 event=Apply(Entry { input: Input { source: Wifi, session: 45608403140647, seq: 132, expires_ms: 369512, command: Forward }, order: 375, received_ms: 369410 })
RX src=Wifi session=45608403140647 seq=133 cmd=Reverse rx_ms=369509 expires_ms=369590 order=376 depth=1 status=Queued
OUT at_ms=369526 depth=0 event=Apply(Entry { input: Input { source: Wifi, session: 45608403140647, seq: 133, expires_ms: 369590, command: Reverse }, order: 376, received_ms: 369509 })
RX src=Wifi session=45608403140647 seq=134 cmd=Forward rx_ms=369615 expires_ms=369691 order=377 depth=1 status=Queued
OUT at_ms=369632 depth=0 event=Apply(Entry { input: Input { source: Wifi, session: 45608403140647, seq: 134, expires_ms: 369691, command: Forward }, order: 377, received_ms: 369615 })
RX src=Wifi session=45608403140647 seq=135 cmd=Reverse rx_ms=369671 expires_ms=369795 order=378 depth=1 status=Queued
OUT at_ms=369677 depth=0 event=Apply(Entry { input: Input { source: Wifi, session: 45608403140647, seq: 135, expires_ms: 369795, command: Reverse }, order: 378, received_ms: 369671 })
RX src=Wifi session=45608403140647 seq=136 cmd=Forward rx_ms=369742 expires_ms=369852 order=379 depth=1 status=Queued
OUT at_ms=369747 depth=0 event=Apply(Entry { input: Input { source: Wifi, session: 45608403140647, seq: 136, expires_ms: 369852, command: Forward }, order: 379, received_ms: 369742 })
RX src=Wifi session=45608403140647 seq=137 cmd=Reverse rx_ms=369819 expires_ms=369922 order=380 depth=1 status=Queued
OUT at_ms=369828 depth=0 event=Apply(Entry { input: Input { source: Wifi, session: 45608403140647, seq: 137, expires_ms: 369922, command: Reverse }, order: 380, received_ms: 369819 })
RX src=Wifi session=45608403140647 seq=138 cmd=Forward rx_ms=369918 expires_ms=369999 order=381 depth=1 status=Queued
OUT at_ms=369935 depth=0 event=Apply(Entry { input: Input { source: Wifi, session: 45608403140647, seq: 138, expires_ms: 369999, command: Forward }, order: 381, received_ms: 369918 })
RX src=Wifi session=45608403140647 seq=139 cmd=Reverse rx_ms=370025 expires_ms=370100 order=382 depth=1 status=Queued
OUT at_ms=370041 depth=0 event=Apply(Entry { input: Input { source: Wifi, session: 45608403140647, seq: 139, expires_ms: 370100, command: Reverse }, order: 382, received_ms: 370025 })
RX src=Wifi session=45608403140647 seq=140 cmd=Forward rx_ms=370081 expires_ms=370205 order=383 depth=1 status=Queued
OUT at_ms=370087 depth=0 event=Apply(Entry { input: Input { source: Wifi, session: 45608403140647, seq: 140, expires_ms: 370205, command: Forward }, order: 383, received_ms: 370081 })
RX src=Wifi session=45608403140647 seq=141 cmd=Reverse rx_ms=370152 expires_ms=370261 order=384 depth=1 status=Queued
OUT at_ms=370157 depth=0 event=Apply(Entry { input: Input { source: Wifi, session: 45608403140647, seq: 141, expires_ms: 370261, command: Reverse }, order: 384, received_ms: 370152 })
RX src=Wifi session=45608403140647 seq=142 cmd=Forward rx_ms=370229 expires_ms=370332 order=385 depth=1 status=Queued
OUT at_ms=370237 depth=0 event=Apply(Entry { input: Input { source: Wifi, session: 45608403140647, seq: 142, expires_ms: 370332, command: Forward }, order: 385, received_ms: 370229 })
RX src=Wifi session=45608403140647 seq=143 cmd=Reverse rx_ms=370328 expires_ms=370409 order=386 depth=1 status=Queued
OUT at_ms=370345 depth=0 event=Apply(Entry { input: Input { source: Wifi, session: 45608403140647, seq: 143, expires_ms: 370409, command: Reverse }, order: 386, received_ms: 370328 })
RX src=Wifi session=45608403140647 seq=144 cmd=Forward rx_ms=370434 expires_ms=370510 order=387 depth=1 status=Queued
OUT at_ms=370452 depth=0 event=Apply(Entry { input: Input { source: Wifi, session: 45608403140647, seq: 144, expires_ms: 370510, command: Forward }, order: 387, received_ms: 370434 })
RX src=Wifi session=45608403140647 seq=145 cmd=Reverse rx_ms=370492 expires_ms=370613 order=388 depth=1 status=Queued
OUT at_ms=370497 depth=0 event=Apply(Entry { input: Input { source: Wifi, session: 45608403140647, seq: 145, expires_ms: 370613, command: Reverse }, order: 388, received_ms: 370492 })
RX src=Wifi session=45608403140647 seq=146 cmd=Forward rx_ms=370561 expires_ms=370673 order=389 depth=1 status=Queued
OUT at_ms=370578 depth=0 event=Apply(Entry { input: Input { source: Wifi, session: 45608403140647, seq: 146, expires_ms: 370673, command: Forward }, order: 389, received_ms: 370561 })
RX src=Wifi session=45608403140647 seq=147 cmd=Reverse rx_ms=370639 expires_ms=370741 order=390 depth=1 status=Queued
OUT at_ms=370644 depth=0 event=Apply(Entry { input: Input { source: Wifi, session: 45608403140647, seq: 147, expires_ms: 370741, command: Reverse }, order: 390, received_ms: 370639 })
RX src=Wifi session=45608403140647 seq=148 cmd=Forward rx_ms=370741 expires_ms=370818 order=391 depth=1 status=Queued
OUT at_ms=370744 depth=0 event=Apply(Entry { input: Input { source: Wifi, session: 45608403140647, seq: 148, expires_ms: 370818, command: Forward }, order: 391, received_ms: 370741 })
RX src=Wifi session=45608403140647 seq=149 cmd=Reverse rx_ms=370843 expires_ms=370921 order=392 depth=1 status=Queued
OUT at_ms=370847 depth=0 event=Apply(Entry { input: Input { source: Wifi, session: 45608403140647, seq: 149, expires_ms: 370921, command: Reverse }, order: 392, received_ms: 370843 })
RX src=Wifi session=45608403140647 seq=150 cmd=Forward rx_ms=370899 expires_ms=371023 order=393 depth=1 status=Queued
OUT at_ms=370910 depth=0 event=Apply(Entry { input: Input { source: Wifi, session: 45608403140647, seq: 150, expires_ms: 371023, command: Forward }, order: 393, received_ms: 370899 })
RX src=Wifi session=45608403140647 seq=151 cmd=Reverse rx_ms=370971 expires_ms=371082 order=394 depth=1 status=Queued
OUT at_ms=370976 depth=0 event=Apply(Entry { input: Input { source: Wifi, session: 45608403140647, seq: 151, expires_ms: 371082, command: Reverse }, order: 394, received_ms: 370971 })
RX src=Wifi session=45608403140647 seq=152 cmd=Forward rx_ms=371048 expires_ms=371151 order=395 depth=1 status=Queued
OUT at_ms=371056 depth=0 event=Apply(Entry { input: Input { source: Wifi, session: 45608403140647, seq: 152, expires_ms: 371151, command: Forward }, order: 395, received_ms: 371048 })
RX src=Wifi session=45608403140647 seq=153 cmd=Reverse rx_ms=371147 expires_ms=371228 order=396 depth=1 status=Queued
OUT at_ms=371165 depth=0 event=Apply(Entry { input: Input { source: Wifi, session: 45608403140647, seq: 153, expires_ms: 371228, command: Reverse }, order: 396, received_ms: 371147 })
RX src=Wifi session=45608403140647 seq=154 cmd=Forward rx_ms=371253 expires_ms=371330 order=397 depth=1 status=Queued
OUT at_ms=371270 depth=0 event=Apply(Entry { input: Input { source: Wifi, session: 45608403140647, seq: 154, expires_ms: 371330, command: Forward }, order: 397, received_ms: 371253 })
RX src=Wifi session=45608403140647 seq=155 cmd=Reverse rx_ms=371309 expires_ms=371433 order=398 depth=1 status=Queued
OUT at_ms=371317 depth=0 event=Apply(Entry { input: Input { source: Wifi, session: 45608403140647, seq: 155, expires_ms: 371433, command: Reverse }, order: 398, received_ms: 371309 })
RX src=Wifi session=45608403140647 seq=156 cmd=Forward rx_ms=371381 expires_ms=371492 order=399 depth=1 status=Queued
OUT at_ms=371384 depth=0 event=Apply(Entry { input: Input { source: Wifi, session: 45608403140647, seq: 156, expires_ms: 371492, command: Forward }, order: 399, received_ms: 371381 })
RX src=Wifi session=45608403140647 seq=157 cmd=Reverse rx_ms=371458 expires_ms=371561 order=400 depth=1 status=Queued
OUT at_ms=371469 depth=0 event=Apply(Entry { input: Input { source: Wifi, session: 45608403140647, seq: 157, expires_ms: 371561, command: Reverse }, order: 400, received_ms: 371458 })
RX src=Wifi session=45608403140647 seq=158 cmd=Forward rx_ms=371556 expires_ms=371640 order=401 depth=1 status=Queued
OUT at_ms=371575 depth=0 event=Apply(Entry { input: Input { source: Wifi, session: 45608403140647, seq: 158, expires_ms: 371640, command: Forward }, order: 401, received_ms: 371556 })
RX src=Wifi session=45608403140647 seq=159 cmd=Reverse rx_ms=371664 expires_ms=371739 order=402 depth=1 status=Queued
OUT at_ms=371681 depth=0 event=Apply(Entry { input: Input { source: Wifi, session: 45608403140647, seq: 159, expires_ms: 371739, command: Reverse }, order: 402, received_ms: 371664 })
RX src=Wifi session=45608403140647 seq=160 cmd=Forward rx_ms=371721 expires_ms=371845 order=403 depth=1 status=Queued
OUT at_ms=371727 depth=0 event=Apply(Entry { input: Input { source: Wifi, session: 45608403140647, seq: 160, expires_ms: 371845, command: Forward }, order: 403, received_ms: 371721 })
RX src=Wifi session=45608403140647 seq=161 cmd=Reverse rx_ms=371790 expires_ms=371902 order=404 depth=1 status=Queued
OUT at_ms=371796 depth=0 event=Apply(Entry { input: Input { source: Wifi, session: 45608403140647, seq: 161, expires_ms: 371902, command: Reverse }, order: 404, received_ms: 371790 })
RX src=Wifi session=45608403140647 seq=162 cmd=Forward rx_ms=371867 expires_ms=371970 order=405 depth=1 status=Queued
OUT at_ms=371886 depth=0 event=Apply(Entry { input: Input { source: Wifi, session: 45608403140647, seq: 162, expires_ms: 371970, command: Forward }, order: 405, received_ms: 371867 })
RX src=Wifi session=45608403140647 seq=163 cmd=Reverse rx_ms=371966 expires_ms=372047 order=406 depth=1 status=Queued
OUT at_ms=371973 depth=0 event=Apply(Entry { input: Input { source: Wifi, session: 45608403140647, seq: 163, expires_ms: 372047, command: Reverse }, order: 406, received_ms: 371966 })
RX src=Wifi session=45608403140647 seq=164 cmd=Forward rx_ms=372072 expires_ms=372149 order=407 depth=1 status=Queued
OUT at_ms=372083 depth=0 event=Apply(Entry { input: Input { source: Wifi, session: 45608403140647, seq: 164, expires_ms: 372149, command: Forward }, order: 407, received_ms: 372072 })
RX src=Wifi session=45608403140647 seq=165 cmd=Reverse rx_ms=372128 expires_ms=372252 order=408 depth=1 status=Queued
OUT at_ms=372129 depth=0 event=Apply(Entry { input: Input { source: Wifi, session: 45608403140647, seq: 165, expires_ms: 372252, command: Reverse }, order: 408, received_ms: 372128 })
RX src=Wifi session=45608403140647 seq=166 cmd=Forward rx_ms=372200 expires_ms=372322 order=409 depth=1 status=Queued
OUT at_ms=372214 depth=0 event=Apply(Entry { input: Input { source: Wifi, session: 45608403140647, seq: 166, expires_ms: 372322, command: Forward }, order: 409, received_ms: 372200 })
RX src=Wifi session=45608403140647 seq=167 cmd=Reverse rx_ms=372275 expires_ms=372379 order=410 depth=1 status=Queued
OUT at_ms=372281 depth=0 event=Apply(Entry { input: Input { source: Wifi, session: 45608403140647, seq: 167, expires_ms: 372379, command: Reverse }, order: 410, received_ms: 372275 })
RX src=Wifi session=45608403140647 seq=168 cmd=Forward rx_ms=372376 expires_ms=372456 order=411 depth=1 status=Queued
OUT at_ms=372390 depth=0 event=Apply(Entry { input: Input { source: Wifi, session: 45608403140647, seq: 168, expires_ms: 372456, command: Forward }, order: 411, received_ms: 372376 })
RX src=Wifi session=45608403140647 seq=169 cmd=Reverse rx_ms=372482 expires_ms=372558 order=412 depth=1 status=Queued
OUT at_ms=372496 depth=0 event=Apply(Entry { input: Input { source: Wifi, session: 45608403140647, seq: 169, expires_ms: 372558, command: Reverse }, order: 412, received_ms: 372482 })
RX src=Wifi session=45608403140647 seq=170 cmd=Forward rx_ms=372543 expires_ms=372668 order=413 depth=1 status=Queued
OUT at_ms=372562 depth=0 event=Apply(Entry { input: Input { source: Wifi, session: 45608403140647, seq: 170, expires_ms: 372668, command: Forward }, order: 413, received_ms: 372543 })
RX src=Wifi session=45608403140647 seq=171 cmd=Reverse rx_ms=372611 expires_ms=372723 order=414 depth=1 status=Queued
OUT at_ms=372627 depth=0 event=Apply(Entry { input: Input { source: Wifi, session: 45608403140647, seq: 171, expires_ms: 372723, command: Reverse }, order: 414, received_ms: 372611 })
RX src=Wifi session=45608403140647 seq=172 cmd=Forward rx_ms=372687 expires_ms=372790 order=415 depth=1 status=Queued
OUT at_ms=372693 depth=0 event=Apply(Entry { input: Input { source: Wifi, session: 45608403140647, seq: 172, expires_ms: 372790, command: Forward }, order: 415, received_ms: 372687 })
RX src=Wifi session=45608403140647 seq=173 cmd=Reverse rx_ms=372785 expires_ms=372867 order=416 depth=1 status=Queued
OUT at_ms=372803 depth=0 event=Apply(Entry { input: Input { source: Wifi, session: 45608403140647, seq: 173, expires_ms: 372867, command: Reverse }, order: 416, received_ms: 372785 })
RX src=Wifi session=45608403140647 seq=174 cmd=Forward rx_ms=372891 expires_ms=372967 order=417 depth=1 status=Queued
OUT at_ms=372908 depth=0 event=Apply(Entry { input: Input { source: Wifi, session: 45608403140647, seq: 174, expires_ms: 372967, command: Forward }, order: 417, received_ms: 372891 })
RX src=Wifi session=45608403140647 seq=175 cmd=Reverse rx_ms=372947 expires_ms=373071 order=418 depth=1 status=Queued
OUT at_ms=372955 depth=0 event=Apply(Entry { input: Input { source: Wifi, session: 45608403140647, seq: 175, expires_ms: 373071, command: Reverse }, order: 418, received_ms: 372947 })
RX src=Wifi session=45608403140647 seq=176 cmd=Forward rx_ms=373019 expires_ms=373130 order=419 depth=1 status=Queued
OUT at_ms=373023 depth=0 event=Apply(Entry { input: Input { source: Wifi, session: 45608403140647, seq: 176, expires_ms: 373130, command: Forward }, order: 419, received_ms: 373019 })
RX src=Wifi session=45608403140647 seq=177 cmd=Reverse rx_ms=373096 expires_ms=373199 order=420 depth=1 status=Queued
OUT at_ms=373105 depth=0 event=Apply(Entry { input: Input { source: Wifi, session: 45608403140647, seq: 177, expires_ms: 373199, command: Reverse }, order: 420, received_ms: 373096 })
RX src=Wifi session=45608403140647 seq=178 cmd=Forward rx_ms=373195 expires_ms=373276 order=421 depth=1 status=Queued
OUT at_ms=373212 depth=0 event=Apply(Entry { input: Input { source: Wifi, session: 45608403140647, seq: 178, expires_ms: 373276, command: Forward }, order: 421, received_ms: 373195 })
RX src=Wifi session=45608403140647 seq=179 cmd=Reverse rx_ms=373301 expires_ms=373377 order=422 depth=1 status=Queued
OUT at_ms=373318 depth=0 event=Apply(Entry { input: Input { source: Wifi, session: 45608403140647, seq: 179, expires_ms: 373377, command: Reverse }, order: 422, received_ms: 373301 })
RX src=Wifi session=45608403140647 seq=180 cmd=Forward rx_ms=373357 expires_ms=373481 order=423 depth=1 status=Queued
OUT at_ms=373365 depth=0 event=Apply(Entry { input: Input { source: Wifi, session: 45608403140647, seq: 180, expires_ms: 373481, command: Forward }, order: 423, received_ms: 373357 })
RX src=Wifi session=45608403140647 seq=181 cmd=Reverse rx_ms=373429 expires_ms=373539 order=424 depth=1 status=Queued
OUT at_ms=373433 depth=0 event=Apply(Entry { input: Input { source: Wifi, session: 45608403140647, seq: 181, expires_ms: 373539, command: Reverse }, order: 424, received_ms: 373429 })
RX src=Wifi session=45608403140647 seq=182 cmd=Forward rx_ms=373506 expires_ms=373608 order=425 depth=1 status=Queued
OUT at_ms=373514 depth=0 event=Apply(Entry { input: Input { source: Wifi, session: 45608403140647, seq: 182, expires_ms: 373608, command: Forward }, order: 425, received_ms: 373506 })
RX src=Wifi session=45608403140647 seq=183 cmd=Reverse rx_ms=373605 expires_ms=373686 order=426 depth=1 status=Queued
OUT at_ms=373622 depth=0 event=Apply(Entry { input: Input { source: Wifi, session: 45608403140647, seq: 183, expires_ms: 373686, command: Reverse }, order: 426, received_ms: 373605 })
RX src=Wifi session=45608403140647 seq=184 cmd=Forward rx_ms=373711 expires_ms=373787 order=427 depth=1 status=Queued
OUT at_ms=373727 depth=0 event=Apply(Entry { input: Input { source: Wifi, session: 45608403140647, seq: 184, expires_ms: 373787, command: Forward }, order: 427, received_ms: 373711 })
RX src=Wifi session=45608403140647 seq=185 cmd=Reverse rx_ms=373767 expires_ms=373890 order=428 depth=1 status=Queued
OUT at_ms=373774 depth=0 event=Apply(Entry { input: Input { source: Wifi, session: 45608403140647, seq: 185, expires_ms: 373890, command: Reverse }, order: 428, received_ms: 373767 })
RX src=Wifi session=45608403140647 seq=186 cmd=Forward rx_ms=373838 expires_ms=373949 order=429 depth=1 status=Queued
OUT at_ms=373842 depth=0 event=Apply(Entry { input: Input { source: Wifi, session: 45608403140647, seq: 186, expires_ms: 373949, command: Forward }, order: 429, received_ms: 373838 })
RX src=Wifi session=45608403140647 seq=187 cmd=Reverse rx_ms=373913 expires_ms=374018 order=430 depth=1 status=Queued
OUT at_ms=373926 depth=0 event=Apply(Entry { input: Input { source: Wifi, session: 45608403140647, seq: 187, expires_ms: 374018, command: Reverse }, order: 430, received_ms: 373913 })
RX src=Wifi session=45608403140647 seq=188 cmd=Forward rx_ms=374014 expires_ms=374094 order=431 depth=1 status=Queued
OUT at_ms=374033 depth=0 event=Apply(Entry { input: Input { source: Wifi, session: 45608403140647, seq: 188, expires_ms: 374094, command: Forward }, order: 431, received_ms: 374014 })
RX src=Wifi session=45608403140647 seq=189 cmd=Reverse rx_ms=374120 expires_ms=374196 order=432 depth=1 status=Queued
OUT at_ms=374138 depth=0 event=Apply(Entry { input: Input { source: Wifi, session: 45608403140647, seq: 189, expires_ms: 374196, command: Reverse }, order: 432, received_ms: 374120 })
RX src=Wifi session=45608403140647 seq=190 cmd=Forward rx_ms=374177 expires_ms=374300 order=433 depth=1 status=Queued
OUT at_ms=374184 depth=0 event=Apply(Entry { input: Input { source: Wifi, session: 45608403140647, seq: 190, expires_ms: 374300, command: Forward }, order: 433, received_ms: 374177 })
RX src=Wifi session=45608403140647 seq=191 cmd=Reverse rx_ms=374248 expires_ms=374358 order=434 depth=1 status=Queued
OUT at_ms=374253 depth=0 event=Apply(Entry { input: Input { source: Wifi, session: 45608403140647, seq: 191, expires_ms: 374358, command: Reverse }, order: 434, received_ms: 374248 })
RX src=Wifi session=45608403140647 seq=192 cmd=Forward rx_ms=374325 expires_ms=374428 order=435 depth=1 status=Queued
OUT at_ms=374336 depth=0 event=Apply(Entry { input: Input { source: Wifi, session: 45608403140647, seq: 192, expires_ms: 374428, command: Forward }, order: 435, received_ms: 374325 })
RX src=Wifi session=45608403140647 seq=193 cmd=Reverse rx_ms=374424 expires_ms=374506 order=436 depth=1 status=Queued
OUT at_ms=374442 depth=0 event=Apply(Entry { input: Input { source: Wifi, session: 45608403140647, seq: 193, expires_ms: 374506, command: Reverse }, order: 436, received_ms: 374424 })
RX src=Wifi session=45608403140647 seq=194 cmd=Forward rx_ms=374530 expires_ms=374606 order=437 depth=1 status=Queued
OUT at_ms=374548 depth=0 event=Apply(Entry { input: Input { source: Wifi, session: 45608403140647, seq: 194, expires_ms: 374606, command: Forward }, order: 437, received_ms: 374530 })
RX src=Wifi session=45608403140647 seq=195 cmd=Reverse rx_ms=374586 expires_ms=374710 order=438 depth=1 status=Queued
OUT at_ms=374593 depth=0 event=Apply(Entry { input: Input { source: Wifi, session: 45608403140647, seq: 195, expires_ms: 374710, command: Reverse }, order: 438, received_ms: 374586 })
RX src=Wifi session=45608403140647 seq=196 cmd=Forward rx_ms=374658 expires_ms=374769 order=439 depth=1 status=Queued
OUT at_ms=374662 depth=0 event=Apply(Entry { input: Input { source: Wifi, session: 45608403140647, seq: 196, expires_ms: 374769, command: Forward }, order: 439, received_ms: 374658 })
RX src=Wifi session=45608403140647 seq=197 cmd=Reverse rx_ms=374734 expires_ms=374837 order=440 depth=1 status=Queued
OUT at_ms=374745 depth=0 event=Apply(Entry { input: Input { source: Wifi, session: 45608403140647, seq: 197, expires_ms: 374837, command: Reverse }, order: 440, received_ms: 374734 })
RX src=Wifi session=45608403140647 seq=198 cmd=Forward rx_ms=374833 expires_ms=374915 order=441 depth=1 status=Queued
OUT at_ms=374852 depth=0 event=Apply(Entry { input: Input { source: Wifi, session: 45608403140647, seq: 198, expires_ms: 374915, command: Forward }, order: 441, received_ms: 374833 })
RX src=Wifi session=45608403140647 seq=199 cmd=Reverse rx_ms=374940 expires_ms=375017 order=442 depth=1 status=Queued
OUT at_ms=374958 depth=0 event=Apply(Entry { input: Input { source: Wifi, session: 45608403140647, seq: 199, expires_ms: 375017, command: Reverse }, order: 442, received_ms: 374940 })
RX src=Wifi session=45608403140647 seq=200 cmd=Forward rx_ms=374995 expires_ms=375119 order=443 depth=1 status=Queued
OUT at_ms=375003 depth=0 event=Apply(Entry { input: Input { source: Wifi, session: 45608403140647, seq: 200, expires_ms: 375119, command: Forward }, order: 443, received_ms: 374995 })
RX src=Wifi session=45608403140647 seq=201 cmd=Reverse rx_ms=375067 expires_ms=375178 order=444 depth=1 status=Queued
OUT at_ms=375071 depth=0 event=Apply(Entry { input: Input { source: Wifi, session: 45608403140647, seq: 201, expires_ms: 375178, command: Reverse }, order: 444, received_ms: 375067 })
DISCONNECT src=Wifi session=45608403140647 at_ms=375150
OUT at_ms=375154 depth=0 event=Safety { reason: Disconnect(Wifi), at_ms: 375150, purged: 0, entry: None }
WIFI link departure/event loss at_ms=396273
CONNECT src=Wifi session=45608403140648 at_ms=402783
RX src=Wifi session=45608403140648 seq=1 cmd=Ping rx_ms=402793 expires_ms=402908 order=445 depth=0 status=Ping
RX src=Wifi session=45608403140648 seq=2 cmd=Forward rx_ms=402808 expires_ms=402931 order=446 depth=1 status=Queued
OUT at_ms=402827 depth=0 event=Apply(Entry { input: Input { source: Wifi, session: 45608403140648, seq: 2, expires_ms: 402931, command: Forward }, order: 446, received_ms: 402808 })
RX src=Wifi session=45608403140648 seq=3 cmd=Stop rx_ms=403079 expires_ms=403208 order=447 depth=0 status=Stop
OUT at_ms=403084 depth=0 event=Safety { reason: Stop, at_ms: 403079, purged: 0, entry: Some(Entry { input: Input { source: Wifi, session: 45608403140648, seq: 3, expires_ms: 403208, command: Stop }, order: 447, received_ms: 403079 }) }
DISCONNECT src=Wifi session=45608403140648 at_ms=403171
OUT at_ms=403178 depth=0 event=Safety { reason: Disconnect(Wifi), at_ms: 403171, purged: 0, entry: None }
WIFI link departure/event loss at_ms=403209
CONNECT src=Wifi session=45608403140649 at_ms=405671
RX src=Wifi session=45608403140649 seq=1 cmd=Ping rx_ms=405675 expires_ms=405796 order=448 depth=0 status=Ping
RX src=Wifi session=45608403140649 seq=2 cmd=Forward rx_ms=405682 expires_ms=405804 order=449 depth=1 status=Queued
OUT at_ms=405697 depth=0 event=Apply(Entry { input: Input { source: Wifi, session: 45608403140649, seq: 2, expires_ms: 405804, command: Forward }, order: 449, received_ms: 405682 })
RX src=Wifi session=45608403140649 seq=3 cmd=Stop rx_ms=405751 expires_ms=405863 order=450 depth=0 status=Stop
OUT at_ms=405755 depth=0 event=Safety { reason: Stop, at_ms: 405751, purged: 0, entry: Some(Entry { input: Input { source: Wifi, session: 45608403140649, seq: 3, expires_ms: 405863, command: Stop }, order: 450, received_ms: 405751 }) }
WIFI link departure/event loss at_ms=405882
OUT at_ms=405883 depth=0 event=Safety { reason: Disconnect(Wifi), at_ms: 405882, purged: 0, entry: None }
DISCONNECT src=Wifi session=45608403140649 at_ms=405885
CONNECT src=Wifi session=45608403140650 at_ms=408310
RX src=Wifi session=45608403140650 seq=1 cmd=Ping rx_ms=408326 expires_ms=408435 order=451 depth=0 status=Ping
RX src=Wifi session=45608403140650 seq=2 cmd=Forward rx_ms=408335 expires_ms=408466 order=452 depth=1 status=Queued
OUT at_ms=408353 depth=0 event=Apply(Entry { input: Input { source: Wifi, session: 45608403140650, seq: 2, expires_ms: 408466, command: Forward }, order: 452, received_ms: 408335 })
RX src=Wifi session=45608403140650 seq=3 cmd=Stop rx_ms=408495 expires_ms=408585 order=453 depth=0 status=Stop
OUT at_ms=408500 depth=0 event=Safety { reason: Stop, at_ms: 408495, purged: 0, entry: Some(Entry { input: Input { source: Wifi, session: 45608403140650, seq: 3, expires_ms: 408585, command: Stop }, order: 453, received_ms: 408495 }) }
DISCONNECT src=Wifi session=45608403140650 at_ms=408580
OUT at_ms=408586 depth=0 event=Safety { reason: Disconnect(Wifi), at_ms: 408580, purged: 0, entry: None }
Terminated                 espflash monitor --non-interactive --port /dev/ttyACM0
